uniprot_pos,construct_pos,residue,domain,distance_to_fab_min_A,distance_to_glycan_min_A,distance_to_other_domains_min_A,has_coordinates,mouse_class
310,286,A,III,41.73,28.72,1.33,yes,identical
311,287,C,III,40.19,28.1,3.59,yes,identical
312,288,G,III,38.41,27.29,6.15,yes,identical
313,289,A,III,35.96,25.5,9.42,yes,nonconservative
314,290,D,III,37.66,27.26,6.57,yes,identical
315,291,S,III,37.14,27.68,4.48,yes,nonconservative
316,292,Y,III,35.7,28.3,5.98,yes,identical
317,293,E,III,37.48,29.76,3.19,yes,identical
318,294,M,III,39.65,32.76,5.38,yes,conservative
319,295,E,III,41.23,35.49,7.5,yes,identical
320,296,E,III,44.46,38.92,5.99,yes,identical
321,297,D,III,47.08,42.22,5.79,yes,identical
322,298,G,III,47.46,40.83,3.59,yes,identical
323,299,V,III,46.09,39.33,3.58,yes,conservative
324,300,R,III,41.81,32.54,3.04,yes,identical
325,301,K,III,42.03,34.3,3.42,yes,identical
326,302,C,III,42.38,33.15,2.63,yes,identical
327,303,K,III,38.95,31.39,4.2,yes,identical
328,304,K,III,38.3,31.21,3.54,yes,identical
329,305,C,III,34.71,27.0,7.25,yes,identical
330,306,E,III,34.31,29.29,5.9,yes,conservative
331,307,G,III,32.06,26.11,9.4,yes,identical
332,308,P,III,28.68,22.57,10.78,yes,identical
333,309,C,III,29.33,21.35,10.48,yes,identical
334,310,R,III,25.83,20.85,14.54,yes,identical
335,311,K,III,24.78,15.95,16.75,yes,identical
336,312,V,III,23.25,15.18,17.9,yes,identical
337,313,C,III,20.31,11.87,20.13,yes,identical
338,314,N,III,18.67,9.8,20.49,yes,identical
339,315,G,III,15.9,8.4,18.86,yes,identical
340,316,I,III,12.58,6.6,19.25,yes,identical
341,317,G,III,14.51,7.6,21.47,yes,identical
342,318,I,III,16.65,7.72,19.99,yes,identical
343,319,G,III,20.1,7.39,24.31,yes,identical
344,320,E,III,19.98,4.46,24.06,yes,identical
345,321,F,III,16.24,4.31,23.48,yes,identical
346,322,K,III,16.22,4.24,25.64,yes,identical
347,323,D,III,12.53,3.29,25.82,yes,identical
348,324,S,III,12.58,3.38,23.44,yes,conservative
349,325,L,III,7.35,3.62,20.91,yes,identical
350,326,S,III,9.13,3.38,19.87,yes,identical
351,327,I,III,11.42,5.51,18.2,yes,identical
352,328,N,III,11.97,1.44,23.2,yes,identical
353,329,A,III,14.11,5.8,25.43,yes,identical
354,330,T,III,16.31,3.85,27.13,yes,identical
355,331,N,III,14.77,3.25,23.86,yes,identical
356,332,I,III,17.41,6.42,19.78,yes,identical
357,333,K,III,20.27,8.41,23.66,yes,identical
358,334,H,III,21.67,6.02,23.77,yes,identical
359,335,F,III,17.69,7.39,19.73,yes,identical
360,336,K,III,23.97,12.33,18.21,yes,identical
361,337,N,III,25.91,15.77,17.78,yes,nonconservative
362,338,C,III,22.61,12.91,16.42,yes,identical
363,339,T,III,22.3,17.33,14.55,yes,identical
364,340,S,III,20.92,15.58,16.88,yes,conservative
365,341,I,III,16.77,12.76,15.45,yes,identical
366,342,S,III,18.14,13.6,16.93,yes,identical
367,343,G,III,14.64,14.01,14.32,yes,identical
368,344,D,III,11.21,11.19,13.01,yes,identical
369,345,L,III,9.4,10.84,15.32,yes,identical
370,346,H,III,7.82,7.71,17.05,yes,identical
371,347,I,III,7.92,8.79,14.8,yes,identical
372,348,L,III,5.63,6.49,16.34,yes,identical
373,349,P,III,3.42,8.02,15.28,yes,identical
374,350,V,III,4.47,3.85,19.14,yes,identical
375,351,A,III,7.17,5.99,20.26,yes,identical
376,352,F,III,8.68,8.31,16.98,yes,identical
377,353,R,III,3.61,8.16,19.1,yes,conservative
378,354,G,III,8.72,6.45,23.7,yes,identical
379,355,D,III,8.77,3.56,26.02,yes,identical
380,356,S,III,11.42,7.09,28.63,yes,identical
381,357,F,III,7.6,5.72,28.3,yes,identical
382,358,T,III,11.89,3.21,28.25,yes,identical
383,359,H,III,14.84,6.57,31.28,yes,nonconservative
384,360,T,III,12.58,3.54,27.84,yes,identical
385,361,P,III,13.44,7.43,26.66,yes,identical
386,362,P,III,12.92,9.57,25.3,yes,identical
387,363,L,III,13.07,9.18,20.66,yes,identical
388,364,D,III,15.95,11.92,19.56,yes,identical
389,365,P,III,14.1,10.92,16.13,yes,identical
390,366,Q,III,17.8,13.64,15.73,yes,conservative
391,367,E,III,18.71,11.45,17.4,yes,identical
392,368,L,III,13.84,11.91,14.58,yes,identical
393,369,D,III,19.67,15.58,12.59,yes,conservative
394,370,I,III,21.4,12.75,15.54,yes,identical
395,371,L,III,16.76,12.46,13.52,yes,identical
396,372,K,III,21.67,16.98,7.97,yes,identical
397,373,T,III,23.12,17.24,13.15,yes,identical
398,374,V,III,18.72,15.53,12.76,yes,identical
399,375,K,III,20.76,19.81,9.74,yes,identical
400,376,E,III,18.82,17.83,13.85,yes,identical
401,377,I,III,14.27,16.47,10.75,yes,identical
402,378,T,III,15.99,17.58,10.14,yes,identical
403,379,G,III,12.77,17.54,9.22,yes,identical
404,380,F,III,7.43,13.25,10.11,yes,identical
405,381,L,III,7.91,14.96,9.45,yes,identical
406,382,L,III,3.55,11.39,11.86,yes,identical
407,383,I,III,6.99,13.31,10.09,yes,identical
408,384,Q,III,3.43,11.93,11.54,yes,identical
409,385,A,III,5.63,11.37,12.56,yes,identical
410,386,W,III,7.55,8.15,11.63,yes,identical
411,387,P,III,10.75,6.33,14.17,yes,identical
412,388,E,III,7.83,3.26,11.58,yes,conservative
413,389,N,III,13.27,3.51,11.96,yes,identical
414,390,R,III,13.87,5.78,8.41,yes,nonconservative
415,391,T,III,14.34,4.44,7.04,yes,identical
416,392,D,III,15.07,7.78,5.5,yes,identical
417,393,L,III,12.16,11.1,7.42,yes,identical
418,394,H,III,16.41,12.3,7.97,yes,identical
419,395,A,III,17.46,15.48,10.28,yes,identical
420,396,F,III,14.13,14.67,8.68,yes,identical
421,397,E,III,19.92,16.64,4.63,yes,identical
422,398,N,III,21.73,20.12,7.58,yes,identical
423,399,L,III,15.9,19.82,7.74,yes,identical
424,400,E,III,20.2,23.44,7.66,yes,identical
425,401,I,III,17.86,21.41,8.65,yes,identical
426,402,I,III,13.31,20.11,6.52,yes,identical
427,403,R,III,15.85,21.95,6.26,yes,identical
428,404,G,III,13.86,21.45,6.94,yes,identical
429,405,R,III,15.39,21.13,8.67,yes,identical
430,406,T,III,11.98,17.33,9.85,yes,identical
431,407,K,III,9.11,17.62,7.05,yes,identical
432,408,Q,III,2.6,14.04,11.22,yes,identical
433,409,H,III,3.47,16.19,11.26,yes,identical
434,410,G,III,7.15,18.34,9.9,yes,identical
435,411,Q,III,3.88,20.84,6.04,yes,identical
436,412,F,III,3.85,18.55,5.89,yes,identical
437,413,S,III,8.59,18.77,4.51,yes,identical
438,414,L,III,6.9,19.02,6.1,yes,identical
439,415,A,III,4.13,16.14,8.02,yes,identical
440,416,V,III,6.4,13.47,5.73,yes,identical
441,417,V,III,3.59,12.89,6.84,yes,identical
442,418,S,III,3.26,10.26,6.07,yes,nonconservative
443,419,L,III,6.13,7.12,6.94,yes,identical
444,420,N,III,7.65,1.44,7.56,yes,identical
445,421,I,III,9.79,5.75,6.91,yes,identical
446,422,T,III,11.49,3.25,4.45,yes,identical
447,423,S,III,12.96,7.46,3.22,yes,identical
448,424,L,III,12.61,11.02,3.57,yes,identical
449,425,G,III,17.28,12.38,3.25,yes,identical
450,426,L,III,14.48,15.29,2.98,yes,identical
451,427,R,III,20.74,13.99,2.64,yes,identical
452,428,S,III,21.38,20.28,5.33,yes,identical
453,429,L,III,15.56,20.91,4.02,yes,identical
454,430,K,III,20.51,24.19,3.6,yes,identical
455,431,E,III,17.76,25.59,5.32,yes,identical
456,432,I,III,13.81,23.13,3.02,yes,identical
457,433,S,III,17.16,26.36,3.07,yes,identical
458,434,D,III,13.28,23.93,2.98,yes,identical
459,435,G,III,11.39,23.95,2.54,yes,identical
460,436,D,III,8.57,22.34,2.77,yes,identical
461,437,V,III,7.67,20.56,2.86,yes,identical
462,438,I,III,3.45,18.45,3.38,yes,identical
463,439,I,III,6.42,14.77,2.88,yes,identical
464,440,S,III,2.74,13.67,3.15,yes,identical
465,441,G,III,3.3,10.74,3.29,yes,identical
466,442,N,III,4.91,9.37,2.84,yes,identical
467,443,K,III,3.39,7.08,3.17,yes,conservative
468,444,N,III,6.22,3.65,3.63,yes,identical
469,445,L,III,7.63,7.79,3.07,yes,identical
470,446,C,III,9.75,9.35,2.04,yes,identical
471,447,Y,III,10.7,9.73,3.28,yes,identical
472,448,A,III,9.35,13.97,3.66,yes,identical
473,449,N,III,7.44,15.12,3.2,yes,identical
474,450,T,III,10.52,16.91,3.37,yes,identical
475,451,I,III,12.25,16.82,3.34,yes,identical
476,452,N,III,14.48,22.43,4.09,yes,identical
477,453,W,III,11.28,18.4,3.28,yes,identical
478,454,K,III,12.63,26.19,5.17,yes,identical
479,455,K,III,17.24,27.14,2.8,yes,identical
480,456,L,III,16.83,22.46,3.58,yes,identical
481,457,F,III,13.54,25.69,1.33,yes,identical
