species,uniprot_acc,uniprot_pos,uniprot_aa,construct_pos,pdb_id,in_pdb_construct,pdb_label_asym_id,pdb_label_seq_id,pdb_auth_asym_id,pdb_auth_seq_id,pdb_ins_code,pdb_aa,pdb_vs_uniprot,coord_status,disulfide_partner_uniprot,glycan_observed_chain,n_glyc_sequon
human,P00533-1,25,L,1,6ARU,yes,A,1,A,1,,L,identical,missing,,,no
human,P00533-1,26,E,2,6ARU,yes,A,2,A,2,,E,identical,missing,,,no
human,P00533-1,27,E,3,6ARU,yes,A,3,A,3,,E,identical,missing,,,no
human,P00533-1,28,K,4,6ARU,yes,A,4,A,4,,K,identical,coordinates,,,no
human,P00533-1,29,K,5,6ARU,yes,A,5,A,5,,K,identical,coordinates,,,no
human,P00533-1,30,V,6,6ARU,yes,A,6,A,6,,V,identical,coordinates,,,no
human,P00533-1,31,C,7,6ARU,yes,A,7,A,7,,C,identical,coordinates,58,,no
human,P00533-1,32,Q,8,6ARU,yes,A,8,A,8,,Q,identical,coordinates,,,no
human,P00533-1,33,G,9,6ARU,yes,A,9,A,9,,G,identical,coordinates,,,no
human,P00533-1,34,T,10,6ARU,yes,A,10,A,10,,T,identical,coordinates,,,no
human,P00533-1,35,S,11,6ARU,yes,A,11,A,11,,S,identical,coordinates,,,no
human,P00533-1,36,N,12,6ARU,yes,A,12,A,12,,N,identical,coordinates,,,no
human,P00533-1,37,K,13,6ARU,yes,A,13,A,13,,K,identical,coordinates,,,no
human,P00533-1,38,L,14,6ARU,yes,A,14,A,14,,L,identical,coordinates,,,no
human,P00533-1,39,T,15,6ARU,yes,A,15,A,15,,T,identical,coordinates,,,no
human,P00533-1,40,Q,16,6ARU,yes,A,16,A,16,,Q,identical,coordinates,,,no
human,P00533-1,41,L,17,6ARU,yes,A,17,A,17,,L,identical,coordinates,,,no
human,P00533-1,42,G,18,6ARU,yes,A,18,A,18,,G,identical,coordinates,,,no
human,P00533-1,43,T,19,6ARU,yes,A,19,A,19,,T,identical,coordinates,,,no
human,P00533-1,44,F,20,6ARU,yes,A,20,A,20,,F,identical,coordinates,,,no
human,P00533-1,45,E,21,6ARU,yes,A,21,A,21,,E,identical,coordinates,,,no
human,P00533-1,46,D,22,6ARU,yes,A,22,A,22,,D,identical,coordinates,,,no
human,P00533-1,47,H,23,6ARU,yes,A,23,A,23,,H,identical,coordinates,,,no
human,P00533-1,48,F,24,6ARU,yes,A,24,A,24,,F,identical,coordinates,,,no
human,P00533-1,49,L,25,6ARU,yes,A,25,A,25,,L,identical,coordinates,,,no
human,P00533-1,50,S,26,6ARU,yes,A,26,A,26,,S,identical,coordinates,,,no
human,P00533-1,51,L,27,6ARU,yes,A,27,A,27,,L,identical,coordinates,,,no
human,P00533-1,52,Q,28,6ARU,yes,A,28,A,28,,Q,identical,coordinates,,,no
human,P00533-1,53,R,29,6ARU,yes,A,29,A,29,,R,identical,coordinates,,,no
human,P00533-1,54,M,30,6ARU,yes,A,30,A,30,,M,identical,coordinates,,,no
human,P00533-1,55,F,31,6ARU,yes,A,31,A,31,,F,identical,coordinates,,,no
human,P00533-1,56,N,32,6ARU,yes,A,32,A,32,,N,identical,coordinates,,,no
human,P00533-1,57,N,33,6ARU,yes,A,33,A,33,,N,identical,coordinates,,,no
human,P00533-1,58,C,34,6ARU,yes,A,34,A,34,,C,identical,coordinates,31,,no
human,P00533-1,59,E,35,6ARU,yes,A,35,A,35,,E,identical,coordinates,,,no
human,P00533-1,60,V,36,6ARU,yes,A,36,A,36,,V,identical,coordinates,,,no
human,P00533-1,61,V,37,6ARU,yes,A,37,A,37,,V,identical,coordinates,,,no
human,P00533-1,62,L,38,6ARU,yes,A,38,A,38,,L,identical,coordinates,,,no
human,P00533-1,63,G,39,6ARU,yes,A,39,A,39,,G,identical,coordinates,,,no
human,P00533-1,64,N,40,6ARU,yes,A,40,A,40,,N,identical,coordinates,,,no
human,P00533-1,65,L,41,6ARU,yes,A,41,A,41,,L,identical,coordinates,,,no
human,P00533-1,66,E,42,6ARU,yes,A,42,A,42,,E,identical,coordinates,,,no
human,P00533-1,67,I,43,6ARU,yes,A,43,A,43,,I,identical,coordinates,,,no
human,P00533-1,68,T,44,6ARU,yes,A,44,A,44,,T,identical,coordinates,,,no
human,P00533-1,69,Y,45,6ARU,yes,A,45,A,45,,Y,identical,coordinates,,,no
human,P00533-1,70,V,46,6ARU,yes,A,46,A,46,,V,identical,coordinates,,,no
human,P00533-1,71,Q,47,6ARU,yes,A,47,A,47,,Q,identical,coordinates,,,no
human,P00533-1,72,R,48,6ARU,yes,A,48,A,48,,R,identical,coordinates,,,no
human,P00533-1,73,N,49,6ARU,yes,A,49,A,49,,N,identical,coordinates,,,no
human,P00533-1,74,Y,50,6ARU,yes,A,50,A,50,,Y,identical,coordinates,,,no
human,P00533-1,75,D,51,6ARU,yes,A,51,A,51,,D,identical,coordinates,,,no
human,P00533-1,76,L,52,6ARU,yes,A,52,A,52,,L,identical,coordinates,,,no
human,P00533-1,77,S,53,6ARU,yes,A,53,A,53,,S,identical,coordinates,,,no
human,P00533-1,78,F,54,6ARU,yes,A,54,A,54,,F,identical,coordinates,,,no
human,P00533-1,79,L,55,6ARU,yes,A,55,A,55,,L,identical,coordinates,,,no
human,P00533-1,80,K,56,6ARU,yes,A,56,A,56,,K,identical,coordinates,,,no
human,P00533-1,81,T,57,6ARU,yes,A,57,A,57,,T,identical,coordinates,,,no
human,P00533-1,82,I,58,6ARU,yes,A,58,A,58,,I,identical,coordinates,,,no
human,P00533-1,83,Q,59,6ARU,yes,A,59,A,59,,Q,identical,coordinates,,,no
human,P00533-1,84,E,60,6ARU,yes,A,60,A,60,,E,identical,coordinates,,,no
human,P00533-1,85,V,61,6ARU,yes,A,61,A,61,,V,identical,coordinates,,,no
human,P00533-1,86,A,62,6ARU,yes,A,62,A,62,,A,identical,coordinates,,,no
human,P00533-1,87,G,63,6ARU,yes,A,63,A,63,,G,identical,coordinates,,,no
human,P00533-1,88,Y,64,6ARU,yes,A,64,A,64,,Y,identical,coordinates,,,no
human,P00533-1,89,V,65,6ARU,yes,A,65,A,65,,V,identical,coordinates,,,no
human,P00533-1,90,L,66,6ARU,yes,A,66,A,66,,L,identical,coordinates,,,no
human,P00533-1,91,I,67,6ARU,yes,A,67,A,67,,I,identical,coordinates,,,no
human,P00533-1,92,A,68,6ARU,yes,A,68,A,68,,A,identical,coordinates,,,no
human,P00533-1,93,L,69,6ARU,yes,A,69,A,69,,L,identical,coordinates,,,no
human,P00533-1,94,N,70,6ARU,yes,A,70,A,70,,N,identical,coordinates,,,no
human,P00533-1,95,T,71,6ARU,yes,A,71,A,71,,T,identical,coordinates,,,no
human,P00533-1,96,V,72,6ARU,yes,A,72,A,72,,V,identical,coordinates,,,no
human,P00533-1,97,E,73,6ARU,yes,A,73,A,73,,E,identical,coordinates,,,no
human,P00533-1,98,R,74,6ARU,yes,A,74,A,74,,R,identical,coordinates,,,no
human,P00533-1,99,I,75,6ARU,yes,A,75,A,75,,I,identical,coordinates,,,no
human,P00533-1,100,P,76,6ARU,yes,A,76,A,76,,P,identical,coordinates,,,no
human,P00533-1,101,L,77,6ARU,yes,A,77,A,77,,L,identical,coordinates,,,no
human,P00533-1,102,E,78,6ARU,yes,A,78,A,78,,E,identical,coordinates,,,no
human,P00533-1,103,N,79,6ARU,yes,A,79,A,79,,N,identical,coordinates,,,no
human,P00533-1,104,L,80,6ARU,yes,A,80,A,80,,L,identical,coordinates,,,no
human,P00533-1,105,Q,81,6ARU,yes,A,81,A,81,,Q,identical,coordinates,,,no
human,P00533-1,106,I,82,6ARU,yes,A,82,A,82,,I,identical,coordinates,,,no
human,P00533-1,107,I,83,6ARU,yes,A,83,A,83,,I,identical,coordinates,,,no
human,P00533-1,108,R,84,6ARU,yes,A,84,A,84,,R,identical,coordinates,,,no
human,P00533-1,109,G,85,6ARU,yes,A,85,A,85,,G,identical,coordinates,,,no
human,P00533-1,110,N,86,6ARU,yes,A,86,A,86,,N,identical,coordinates,,,no
human,P00533-1,111,M,87,6ARU,yes,A,87,A,87,,M,identical,coordinates,,,no
human,P00533-1,112,Y,88,6ARU,yes,A,88,A,88,,Y,identical,coordinates,,,no
human,P00533-1,113,Y,89,6ARU,yes,A,89,A,89,,Y,identical,coordinates,,,no
human,P00533-1,114,E,90,6ARU,yes,A,90,A,90,,E,identical,coordinates,,,no
human,P00533-1,115,N,91,6ARU,yes,A,91,A,91,,N,identical,coordinates,,,no
human,P00533-1,116,S,92,6ARU,yes,A,92,A,92,,S,identical,coordinates,,,no
human,P00533-1,117,Y,93,6ARU,yes,A,93,A,93,,Y,identical,coordinates,,,no
human,P00533-1,118,A,94,6ARU,yes,A,94,A,94,,A,identical,coordinates,,,no
human,P00533-1,119,L,95,6ARU,yes,A,95,A,95,,L,identical,coordinates,,,no
human,P00533-1,120,A,96,6ARU,yes,A,96,A,96,,A,identical,coordinates,,,no
human,P00533-1,121,V,97,6ARU,yes,A,97,A,97,,V,identical,coordinates,,,no
human,P00533-1,122,L,98,6ARU,yes,A,98,A,98,,L,identical,coordinates,,,no
human,P00533-1,123,S,99,6ARU,yes,A,99,A,99,,S,identical,coordinates,,,no
human,P00533-1,124,N,100,6ARU,yes,A,100,A,100,,N,identical,coordinates,,,no
human,P00533-1,125,Y,101,6ARU,yes,A,101,A,101,,Y,identical,coordinates,,,no
human,P00533-1,126,D,102,6ARU,yes,A,102,A,102,,D,identical,coordinates,,,no
human,P00533-1,127,A,103,6ARU,yes,A,103,A,103,,A,identical,coordinates,,,no
human,P00533-1,128,N,104,6ARU,yes,A,104,A,104,,N,identical,coordinates,,,yes
human,P00533-1,129,K,105,6ARU,yes,A,105,A,105,,K,identical,coordinates,,,no
human,P00533-1,130,T,106,6ARU,yes,A,106,A,106,,T,identical,coordinates,,,no
human,P00533-1,131,G,107,6ARU,yes,A,107,A,107,,G,identical,coordinates,,,no
human,P00533-1,132,L,108,6ARU,yes,A,108,A,108,,L,identical,coordinates,,,no
human,P00533-1,133,K,109,6ARU,yes,A,109,A,109,,K,identical,coordinates,,,no
human,P00533-1,134,E,110,6ARU,yes,A,110,A,110,,E,identical,coordinates,,,no
human,P00533-1,135,L,111,6ARU,yes,A,111,A,111,,L,identical,coordinates,,,no
human,P00533-1,136,P,112,6ARU,yes,A,112,A,112,,P,identical,coordinates,,,no
human,P00533-1,137,M,113,6ARU,yes,A,113,A,113,,M,identical,coordinates,,,no
human,P00533-1,138,R,114,6ARU,yes,A,114,A,114,,R,identical,coordinates,,,no
human,P00533-1,139,N,115,6ARU,yes,A,115,A,115,,N,identical,coordinates,,,no
human,P00533-1,140,L,116,6ARU,yes,A,116,A,116,,L,identical,coordinates,,,no
human,P00533-1,141,Q,117,6ARU,yes,A,117,A,117,,Q,identical,coordinates,,,no
human,P00533-1,142,E,118,6ARU,yes,A,118,A,118,,E,identical,coordinates,,,no
human,P00533-1,143,I,119,6ARU,yes,A,119,A,119,,I,identical,coordinates,,,no
human,P00533-1,144,L,120,6ARU,yes,A,120,A,120,,L,identical,coordinates,,,no
human,P00533-1,145,H,121,6ARU,yes,A,121,A,121,,H,identical,coordinates,,,no
human,P00533-1,146,G,122,6ARU,yes,A,122,A,122,,G,identical,coordinates,,,no
human,P00533-1,147,A,123,6ARU,yes,A,123,A,123,,A,identical,coordinates,,,no
human,P00533-1,148,V,124,6ARU,yes,A,124,A,124,,V,identical,coordinates,,,no
human,P00533-1,149,R,125,6ARU,yes,A,125,A,125,,R,identical,coordinates,,,no
human,P00533-1,150,F,126,6ARU,yes,A,126,A,126,,F,identical,coordinates,,,no
human,P00533-1,151,S,127,6ARU,yes,A,127,A,127,,S,identical,coordinates,,,no
human,P00533-1,152,N,128,6ARU,yes,A,128,A,128,,N,identical,coordinates,,,no
human,P00533-1,153,N,129,6ARU,yes,A,129,A,129,,N,identical,coordinates,,,no
human,P00533-1,154,P,130,6ARU,yes,A,130,A,130,,P,identical,coordinates,,,no
human,P00533-1,155,A,131,6ARU,yes,A,131,A,131,,A,identical,coordinates,,,no
human,P00533-1,156,L,132,6ARU,yes,A,132,A,132,,L,identical,coordinates,,,no
human,P00533-1,157,C,133,6ARU,yes,A,133,A,133,,C,identical,coordinates,187,,no
human,P00533-1,158,N,134,6ARU,yes,A,134,A,134,,N,identical,coordinates,,,no
human,P00533-1,159,V,135,6ARU,yes,A,135,A,135,,V,identical,coordinates,,,no
human,P00533-1,160,E,136,6ARU,yes,A,136,A,136,,E,identical,coordinates,,,no
human,P00533-1,161,S,137,6ARU,yes,A,137,A,137,,S,identical,coordinates,,,no
human,P00533-1,162,I,138,6ARU,yes,A,138,A,138,,I,identical,coordinates,,,no
human,P00533-1,163,Q,139,6ARU,yes,A,139,A,139,,Q,identical,coordinates,,,no
human,P00533-1,164,W,140,6ARU,yes,A,140,A,140,,W,identical,coordinates,,,no
human,P00533-1,165,R,141,6ARU,yes,A,141,A,141,,R,identical,coordinates,,,no
human,P00533-1,166,D,142,6ARU,yes,A,142,A,142,,D,identical,coordinates,,,no
human,P00533-1,167,I,143,6ARU,yes,A,143,A,143,,I,identical,coordinates,,,no
human,P00533-1,168,V,144,6ARU,yes,A,144,A,144,,V,identical,coordinates,,,no
human,P00533-1,169,S,145,6ARU,yes,A,145,A,145,,S,identical,coordinates,,,no
human,P00533-1,170,S,146,6ARU,yes,A,146,A,146,,S,identical,coordinates,,,no
human,P00533-1,171,D,147,6ARU,yes,A,147,A,147,,D,identical,coordinates,,,no
human,P00533-1,172,F,148,6ARU,yes,A,148,A,148,,F,identical,coordinates,,,no
human,P00533-1,173,L,149,6ARU,yes,A,149,A,149,,L,identical,coordinates,,,no
human,P00533-1,174,S,150,6ARU,yes,A,150,A,150,,S,identical,coordinates,,,no
human,P00533-1,175,N,151,6ARU,yes,A,151,A,151,,N,identical,coordinates,,,yes
human,P00533-1,176,M,152,6ARU,yes,A,152,A,152,,M,identical,coordinates,,,no
human,P00533-1,177,S,153,6ARU,yes,A,153,A,153,,S,identical,coordinates,,,no
human,P00533-1,178,M,154,6ARU,yes,A,154,A,154,,M,identical,coordinates,,,no
human,P00533-1,179,D,155,6ARU,yes,A,155,A,155,,D,identical,coordinates,,,no
human,P00533-1,180,F,156,6ARU,yes,A,156,A,156,,F,identical,coordinates,,,no
human,P00533-1,181,Q,157,6ARU,yes,A,157,A,157,,Q,identical,coordinates,,,no
human,P00533-1,182,N,158,6ARU,yes,A,158,A,158,,N,identical,coordinates,,,no
human,P00533-1,183,H,159,6ARU,yes,A,159,A,159,,H,identical,coordinates,,,no
human,P00533-1,184,L,160,6ARU,yes,A,160,A,160,,L,identical,coordinates,,,no
human,P00533-1,185,G,161,6ARU,yes,A,161,A,161,,G,identical,coordinates,,,no
human,P00533-1,186,S,162,6ARU,yes,A,162,A,162,,S,identical,coordinates,,,no
human,P00533-1,187,C,163,6ARU,yes,A,163,A,163,,C,identical,coordinates,157,,no
human,P00533-1,188,Q,164,6ARU,yes,A,164,A,164,,Q,identical,coordinates,,,no
human,P00533-1,189,K,165,6ARU,yes,A,165,A,165,,K,identical,coordinates,,,no
human,P00533-1,190,C,166,6ARU,yes,A,166,A,166,,C,identical,coordinates,199,,no
human,P00533-1,191,D,167,6ARU,yes,A,167,A,167,,D,identical,coordinates,,,no
human,P00533-1,192,P,168,6ARU,yes,A,168,A,168,,P,identical,coordinates,,,no
human,P00533-1,193,S,169,6ARU,yes,A,169,A,169,,S,identical,coordinates,,,no
human,P00533-1,194,C,170,6ARU,yes,A,170,A,170,,C,identical,coordinates,207,,no
human,P00533-1,195,P,171,6ARU,yes,A,171,A,171,,P,identical,coordinates,,,no
human,P00533-1,196,N,172,6ARU,yes,A,172,A,172,,N,identical,coordinates,,,yes
human,P00533-1,197,G,173,6ARU,yes,A,173,A,173,,G,identical,coordinates,,,no
human,P00533-1,198,S,174,6ARU,yes,A,174,A,174,,S,identical,coordinates,,,no
human,P00533-1,199,C,175,6ARU,yes,A,175,A,175,,C,identical,coordinates,190,,no
human,P00533-1,200,W,176,6ARU,yes,A,176,A,176,,W,identical,coordinates,,,no
human,P00533-1,201,G,177,6ARU,yes,A,177,A,177,,G,identical,coordinates,,,no
human,P00533-1,202,A,178,6ARU,yes,A,178,A,178,,A,identical,coordinates,,,no
human,P00533-1,203,G,179,6ARU,yes,A,179,A,179,,G,identical,coordinates,,,no
human,P00533-1,204,E,180,6ARU,yes,A,180,A,180,,E,identical,coordinates,,,no
human,P00533-1,205,E,181,6ARU,yes,A,181,A,181,,E,identical,coordinates,,,no
human,P00533-1,206,N,182,6ARU,yes,A,182,A,182,,N,identical,coordinates,,,no
human,P00533-1,207,C,183,6ARU,yes,A,183,A,183,,C,identical,coordinates,194,,no
human,P00533-1,208,Q,184,6ARU,yes,A,184,A,184,,Q,identical,coordinates,,,no
human,P00533-1,209,K,185,6ARU,yes,A,185,A,185,,K,identical,coordinates,,,no
human,P00533-1,210,L,186,6ARU,yes,A,186,A,186,,L,identical,coordinates,,,no
human,P00533-1,211,T,187,6ARU,yes,A,187,A,187,,T,identical,coordinates,,,no
human,P00533-1,212,K,188,6ARU,yes,A,188,A,188,,K,identical,coordinates,,,no
human,P00533-1,213,I,189,6ARU,yes,A,189,A,189,,I,identical,coordinates,,,no
human,P00533-1,214,I,190,6ARU,yes,A,190,A,190,,I,identical,coordinates,,,no
human,P00533-1,215,C,191,6ARU,yes,A,191,A,191,,C,identical,coordinates,223,,no
human,P00533-1,216,A,192,6ARU,yes,A,192,A,192,,A,identical,coordinates,,,no
human,P00533-1,217,Q,193,6ARU,yes,A,193,A,193,,Q,identical,coordinates,,,no
human,P00533-1,218,Q,194,6ARU,yes,A,194,A,194,,Q,identical,coordinates,,,no
human,P00533-1,219,C,195,6ARU,yes,A,195,A,195,,C,identical,coordinates,,,no
human,P00533-1,220,S,196,6ARU,yes,A,196,A,196,,S,identical,coordinates,,,no
human,P00533-1,221,G,197,6ARU,yes,A,197,A,197,,G,identical,coordinates,,,no
human,P00533-1,222,R,198,6ARU,yes,A,198,A,198,,R,identical,coordinates,,,no
human,P00533-1,223,C,199,6ARU,yes,A,199,A,199,,C,identical,coordinates,215,,no
human,P00533-1,224,R,200,6ARU,yes,A,200,A,200,,R,identical,coordinates,,,no
human,P00533-1,225,G,201,6ARU,yes,A,201,A,201,,G,identical,coordinates,,,no
human,P00533-1,226,K,202,6ARU,yes,A,202,A,202,,K,identical,coordinates,,,no
human,P00533-1,227,S,203,6ARU,yes,A,203,A,203,,S,identical,coordinates,,,no
human,P00533-1,228,P,204,6ARU,yes,A,204,A,204,,P,identical,coordinates,,,no
human,P00533-1,229,S,205,6ARU,yes,A,205,A,205,,S,identical,coordinates,,,no
human,P00533-1,230,D,206,6ARU,yes,A,206,A,206,,D,identical,coordinates,,,no
human,P00533-1,231,C,207,6ARU,yes,A,207,A,207,,C,identical,coordinates,,,no
human,P00533-1,232,C,208,6ARU,yes,A,208,A,208,,C,identical,coordinates,240,,no
human,P00533-1,233,H,209,6ARU,yes,A,209,A,209,,H,identical,coordinates,,,no
human,P00533-1,234,N,210,6ARU,yes,A,210,A,210,,N,identical,coordinates,,,no
human,P00533-1,235,Q,211,6ARU,yes,A,211,A,211,,Q,identical,coordinates,,,no
human,P00533-1,236,C,212,6ARU,yes,A,212,A,212,,C,identical,coordinates,248,,no
human,P00533-1,237,A,213,6ARU,yes,A,213,A,213,,A,identical,coordinates,,,no
human,P00533-1,238,A,214,6ARU,yes,A,214,A,214,,A,identical,coordinates,,,no
human,P00533-1,239,G,215,6ARU,yes,A,215,A,215,,G,identical,coordinates,,,no
human,P00533-1,240,C,216,6ARU,yes,A,216,A,216,,C,identical,coordinates,232,,no
human,P00533-1,241,T,217,6ARU,yes,A,217,A,217,,T,identical,coordinates,,,no
human,P00533-1,242,G,218,6ARU,yes,A,218,A,218,,G,identical,coordinates,,,no
human,P00533-1,243,P,219,6ARU,yes,A,219,A,219,,P,identical,coordinates,,,no
human,P00533-1,244,R,220,6ARU,yes,A,220,A,220,,R,identical,coordinates,,,no
human,P00533-1,245,E,221,6ARU,yes,A,221,A,221,,E,identical,coordinates,,,no
human,P00533-1,246,S,222,6ARU,yes,A,222,A,222,,S,identical,coordinates,,,no
human,P00533-1,247,D,223,6ARU,yes,A,223,A,223,,D,identical,coordinates,,,no
human,P00533-1,248,C,224,6ARU,yes,A,224,A,224,,C,identical,coordinates,236,,no
human,P00533-1,249,L,225,6ARU,yes,A,225,A,225,,L,identical,coordinates,,,no
human,P00533-1,250,V,226,6ARU,yes,A,226,A,226,,V,identical,coordinates,,,no
human,P00533-1,251,C,227,6ARU,yes,A,227,A,227,,C,identical,coordinates,260,,no
human,P00533-1,252,R,228,6ARU,yes,A,228,A,228,,R,identical,coordinates,,,no
human,P00533-1,253,K,229,6ARU,yes,A,229,A,229,,K,identical,coordinates,,,no
human,P00533-1,254,F,230,6ARU,yes,A,230,A,230,,F,identical,coordinates,,,no
human,P00533-1,255,R,231,6ARU,yes,A,231,A,231,,R,identical,coordinates,,,no
human,P00533-1,256,D,232,6ARU,yes,A,232,A,232,,D,identical,coordinates,,,no
human,P00533-1,257,E,233,6ARU,yes,A,233,A,233,,E,identical,coordinates,,,no
human,P00533-1,258,A,234,6ARU,yes,A,234,A,234,,A,identical,coordinates,,,no
human,P00533-1,259,T,235,6ARU,yes,A,235,A,235,,T,identical,coordinates,,,no
human,P00533-1,260,C,236,6ARU,yes,A,236,A,236,,C,identical,coordinates,251,,no
human,P00533-1,261,K,237,6ARU,yes,A,237,A,237,,K,identical,coordinates,,,no
human,P00533-1,262,D,238,6ARU,yes,A,238,A,238,,D,identical,coordinates,,,no
human,P00533-1,263,T,239,6ARU,yes,A,239,A,239,,T,identical,coordinates,,,no
human,P00533-1,264,C,240,6ARU,yes,A,240,A,240,,C,identical,coordinates,291,,no
human,P00533-1,265,P,241,6ARU,yes,A,241,A,241,,P,identical,coordinates,,,no
human,P00533-1,266,P,242,6ARU,yes,A,242,A,242,,P,identical,coordinates,,,no
human,P00533-1,267,L,243,6ARU,yes,A,243,A,243,,L,identical,coordinates,,,no
human,P00533-1,268,M,244,6ARU,yes,A,244,A,244,,M,identical,coordinates,,,no
human,P00533-1,269,L,245,6ARU,yes,A,245,A,245,,L,identical,coordinates,,,no
human,P00533-1,270,Y,246,6ARU,yes,A,246,A,246,,Y,identical,coordinates,,,no
human,P00533-1,271,N,247,6ARU,yes,A,247,A,247,,N,identical,coordinates,,,no
human,P00533-1,272,P,248,6ARU,yes,A,248,A,248,,P,identical,coordinates,,,no
human,P00533-1,273,T,249,6ARU,yes,A,249,A,249,,T,identical,coordinates,,,no
human,P00533-1,274,T,250,6ARU,yes,A,250,A,250,,T,identical,coordinates,,,no
human,P00533-1,275,Y,251,6ARU,yes,A,251,A,251,,Y,identical,coordinates,,,no
human,P00533-1,276,Q,252,6ARU,yes,A,252,A,252,,Q,identical,coordinates,,,no
human,P00533-1,277,M,253,6ARU,yes,A,253,A,253,,M,identical,coordinates,,,no
human,P00533-1,278,D,254,6ARU,yes,A,254,A,254,,D,identical,coordinates,,,no
human,P00533-1,279,V,255,6ARU,yes,A,255,A,255,,V,identical,coordinates,,,no
human,P00533-1,280,N,256,6ARU,yes,A,256,A,256,,N,identical,coordinates,,,no
human,P00533-1,281,P,257,6ARU,yes,A,257,A,257,,P,identical,coordinates,,,no
human,P00533-1,282,E,258,6ARU,yes,A,258,A,258,,E,identical,coordinates,,,no
human,P00533-1,283,G,259,6ARU,yes,A,259,A,259,,G,identical,coordinates,,,no
human,P00533-1,284,K,260,6ARU,yes,A,260,A,260,,K,identical,coordinates,,,no
human,P00533-1,285,Y,261,6ARU,yes,A,261,A,261,,Y,identical,coordinates,,,no
human,P00533-1,286,S,262,6ARU,yes,A,262,A,262,,S,identical,coordinates,,,no
human,P00533-1,287,F,263,6ARU,yes,A,263,A,263,,F,identical,coordinates,,,no
human,P00533-1,288,G,264,6ARU,yes,A,264,A,264,,G,identical,coordinates,,,no
human,P00533-1,289,A,265,6ARU,yes,A,265,A,265,,A,identical,coordinates,,,no
human,P00533-1,290,T,266,6ARU,yes,A,266,A,266,,T,identical,coordinates,,,no
human,P00533-1,291,C,267,6ARU,yes,A,267,A,267,,C,identical,coordinates,264,,no
human,P00533-1,292,V,268,6ARU,yes,A,268,A,268,,V,identical,coordinates,,,no
human,P00533-1,293,K,269,6ARU,yes,A,269,A,269,,K,identical,coordinates,,,no
human,P00533-1,294,K,270,6ARU,yes,A,270,A,270,,K,identical,coordinates,,,no
human,P00533-1,295,C,271,6ARU,yes,A,271,A,271,,C,identical,coordinates,307,,no
human,P00533-1,296,P,272,6ARU,yes,A,272,A,272,,P,identical,coordinates,,,no
human,P00533-1,297,R,273,6ARU,yes,A,273,A,273,,R,identical,coordinates,,,no
human,P00533-1,298,N,274,6ARU,yes,A,274,A,274,,N,identical,coordinates,,,no
human,P00533-1,299,Y,275,6ARU,yes,A,275,A,275,,Y,identical,coordinates,,,no
human,P00533-1,300,V,276,6ARU,yes,A,276,A,276,,V,identical,coordinates,,,no
human,P00533-1,301,V,277,6ARU,yes,A,277,A,277,,V,identical,coordinates,,,no
human,P00533-1,302,T,278,6ARU,yes,A,278,A,278,,T,identical,coordinates,,,no
human,P00533-1,303,D,279,6ARU,yes,A,279,A,279,,D,identical,coordinates,,,no
human,P00533-1,304,H,280,6ARU,yes,A,280,A,280,,H,identical,coordinates,,,no
human,P00533-1,305,G,281,6ARU,yes,A,281,A,281,,G,identical,coordinates,,,no
human,P00533-1,306,S,282,6ARU,yes,A,282,A,282,,S,identical,coordinates,,,no
human,P00533-1,307,C,283,6ARU,yes,A,283,A,283,,C,identical,coordinates,295,,no
human,P00533-1,308,V,284,6ARU,yes,A,284,A,284,,V,identical,coordinates,,,no
human,P00533-1,309,R,285,6ARU,yes,A,285,A,285,,R,identical,coordinates,,,no
human,P00533-1,310,A,286,6ARU,yes,A,286,A,286,,A,identical,coordinates,,,no
human,P00533-1,311,C,287,6ARU,yes,A,287,A,287,,C,identical,coordinates,326,,no
human,P00533-1,312,G,288,6ARU,yes,A,288,A,288,,G,identical,coordinates,,,no
human,P00533-1,313,A,289,6ARU,yes,A,289,A,289,,A,identical,coordinates,,,no
human,P00533-1,314,D,290,6ARU,yes,A,290,A,290,,D,identical,coordinates,,,no
human,P00533-1,315,S,291,6ARU,yes,A,291,A,291,,S,identical,coordinates,,,no
human,P00533-1,316,Y,292,6ARU,yes,A,292,A,292,,Y,identical,coordinates,,,no
human,P00533-1,317,E,293,6ARU,yes,A,293,A,293,,E,identical,coordinates,,,no
human,P00533-1,318,M,294,6ARU,yes,A,294,A,294,,M,identical,coordinates,,,no
human,P00533-1,319,E,295,6ARU,yes,A,295,A,295,,E,identical,coordinates,,,no
human,P00533-1,320,E,296,6ARU,yes,A,296,A,296,,E,identical,coordinates,,,no
human,P00533-1,321,D,297,6ARU,yes,A,297,A,297,,D,identical,coordinates,,,no
human,P00533-1,322,G,298,6ARU,yes,A,298,A,298,,G,identical,coordinates,,,no
human,P00533-1,323,V,299,6ARU,yes,A,299,A,299,,V,identical,coordinates,,,no
human,P00533-1,324,R,300,6ARU,yes,A,300,A,300,,R,identical,coordinates,,,no
human,P00533-1,325,K,301,6ARU,yes,A,301,A,301,,K,identical,coordinates,,,no
human,P00533-1,326,C,302,6ARU,yes,A,302,A,302,,C,identical,coordinates,311,,no
human,P00533-1,327,K,303,6ARU,yes,A,303,A,303,,K,identical,coordinates,,,no
human,P00533-1,328,K,304,6ARU,yes,A,304,A,304,,K,identical,coordinates,,,no
human,P00533-1,329,C,305,6ARU,yes,A,305,A,305,,C,identical,coordinates,333,,no
human,P00533-1,330,E,306,6ARU,yes,A,306,A,306,,E,identical,coordinates,,,no
human,P00533-1,331,G,307,6ARU,yes,A,307,A,307,,G,identical,coordinates,,,no
human,P00533-1,332,P,308,6ARU,yes,A,308,A,308,,P,identical,coordinates,,,no
human,P00533-1,333,C,309,6ARU,yes,A,309,A,309,,C,identical,coordinates,329,,no
human,P00533-1,334,R,310,6ARU,yes,A,310,A,310,,R,identical,coordinates,,,no
human,P00533-1,335,K,311,6ARU,yes,A,311,A,311,,K,identical,coordinates,,,no
human,P00533-1,336,V,312,6ARU,yes,A,312,A,312,,V,identical,coordinates,,,no
human,P00533-1,337,C,313,6ARU,yes,A,313,A,313,,C,identical,coordinates,362,,no
human,P00533-1,338,N,314,6ARU,yes,A,314,A,314,,N,identical,coordinates,,,no
human,P00533-1,339,G,315,6ARU,yes,A,315,A,315,,G,identical,coordinates,,,no
human,P00533-1,340,I,316,6ARU,yes,A,316,A,316,,I,identical,coordinates,,,no
human,P00533-1,341,G,317,6ARU,yes,A,317,A,317,,G,identical,coordinates,,,no
human,P00533-1,342,I,318,6ARU,yes,A,318,A,318,,I,identical,coordinates,,,no
human,P00533-1,343,G,319,6ARU,yes,A,319,A,319,,G,identical,coordinates,,,no
human,P00533-1,344,E,320,6ARU,yes,A,320,A,320,,E,identical,coordinates,,,no
human,P00533-1,345,F,321,6ARU,yes,A,321,A,321,,F,identical,coordinates,,,no
human,P00533-1,346,K,322,6ARU,yes,A,322,A,322,,K,identical,coordinates,,,no
human,P00533-1,347,D,323,6ARU,yes,A,323,A,323,,D,identical,coordinates,,,no
human,P00533-1,348,S,324,6ARU,yes,A,324,A,324,,S,identical,coordinates,,,no
human,P00533-1,349,L,325,6ARU,yes,A,325,A,325,,L,identical,coordinates,,,no
human,P00533-1,350,S,326,6ARU,yes,A,326,A,326,,S,identical,coordinates,,,no
human,P00533-1,351,I,327,6ARU,yes,A,327,A,327,,I,identical,coordinates,,,no
human,P00533-1,352,N,328,6ARU,yes,A,328,A,328,,N,identical,coordinates,,D,yes
human,P00533-1,353,A,329,6ARU,yes,A,329,A,329,,A,identical,coordinates,,,no
human,P00533-1,354,T,330,6ARU,yes,A,330,A,330,,T,identical,coordinates,,,no
human,P00533-1,355,N,331,6ARU,yes,A,331,A,331,,N,identical,coordinates,,,no
human,P00533-1,356,I,332,6ARU,yes,A,332,A,332,,I,identical,coordinates,,,no
human,P00533-1,357,K,333,6ARU,yes,A,333,A,333,,K,identical,coordinates,,,no
human,P00533-1,358,H,334,6ARU,yes,A,334,A,334,,H,identical,coordinates,,,no
human,P00533-1,359,F,335,6ARU,yes,A,335,A,335,,F,identical,coordinates,,,no
human,P00533-1,360,K,336,6ARU,yes,A,336,A,336,,K,identical,coordinates,,,no
human,P00533-1,361,N,337,6ARU,yes,A,337,A,337,,N,identical,coordinates,,F,yes
human,P00533-1,362,C,338,6ARU,yes,A,338,A,338,,C,identical,coordinates,337,,no
human,P00533-1,363,T,339,6ARU,yes,A,339,A,339,,T,identical,coordinates,,,no
human,P00533-1,364,S,340,6ARU,yes,A,340,A,340,,S,identical,coordinates,,,no
human,P00533-1,365,I,341,6ARU,yes,A,341,A,341,,I,identical,coordinates,,,no
human,P00533-1,366,S,342,6ARU,yes,A,342,A,342,,S,identical,coordinates,,,no
human,P00533-1,367,G,343,6ARU,yes,A,343,A,343,,G,identical,coordinates,,,no
human,P00533-1,368,D,344,6ARU,yes,A,344,A,344,,D,identical,coordinates,,,no
human,P00533-1,369,L,345,6ARU,yes,A,345,A,345,,L,identical,coordinates,,,no
human,P00533-1,370,H,346,6ARU,yes,A,346,A,346,,H,identical,coordinates,,,no
human,P00533-1,371,I,347,6ARU,yes,A,347,A,347,,I,identical,coordinates,,,no
human,P00533-1,372,L,348,6ARU,yes,A,348,A,348,,L,identical,coordinates,,,no
human,P00533-1,373,P,349,6ARU,yes,A,349,A,349,,P,identical,coordinates,,,no
human,P00533-1,374,V,350,6ARU,yes,A,350,A,350,,V,identical,coordinates,,,no
human,P00533-1,375,A,351,6ARU,yes,A,351,A,351,,A,identical,coordinates,,,no
human,P00533-1,376,F,352,6ARU,yes,A,352,A,352,,F,identical,coordinates,,,no
human,P00533-1,377,R,353,6ARU,yes,A,353,A,353,,R,identical,coordinates,,,no
human,P00533-1,378,G,354,6ARU,yes,A,354,A,354,,G,identical,coordinates,,,no
human,P00533-1,379,D,355,6ARU,yes,A,355,A,355,,D,identical,coordinates,,,no
human,P00533-1,380,S,356,6ARU,yes,A,356,A,356,,S,identical,coordinates,,,no
human,P00533-1,381,F,357,6ARU,yes,A,357,A,357,,F,identical,coordinates,,,no
human,P00533-1,382,T,358,6ARU,yes,A,358,A,358,,T,identical,coordinates,,,no
human,P00533-1,383,H,359,6ARU,yes,A,359,A,359,,H,identical,coordinates,,,no
human,P00533-1,384,T,360,6ARU,yes,A,360,A,360,,T,identical,coordinates,,,no
human,P00533-1,385,P,361,6ARU,yes,A,361,A,361,,P,identical,coordinates,,,no
human,P00533-1,386,P,362,6ARU,yes,A,362,A,362,,P,identical,coordinates,,,no
human,P00533-1,387,L,363,6ARU,yes,A,363,A,363,,L,identical,coordinates,,,no
human,P00533-1,388,D,364,6ARU,yes,A,364,A,364,,D,identical,coordinates,,,no
human,P00533-1,389,P,365,6ARU,yes,A,365,A,365,,P,identical,coordinates,,,no
human,P00533-1,390,Q,366,6ARU,yes,A,366,A,366,,Q,identical,coordinates,,,no
human,P00533-1,391,E,367,6ARU,yes,A,367,A,367,,E,identical,coordinates,,,no
human,P00533-1,392,L,368,6ARU,yes,A,368,A,368,,L,identical,coordinates,,,no
human,P00533-1,393,D,369,6ARU,yes,A,369,A,369,,D,identical,coordinates,,,no
human,P00533-1,394,I,370,6ARU,yes,A,370,A,370,,I,identical,coordinates,,,no
human,P00533-1,395,L,371,6ARU,yes,A,371,A,371,,L,identical,coordinates,,,no
human,P00533-1,396,K,372,6ARU,yes,A,372,A,372,,K,identical,coordinates,,,no
human,P00533-1,397,T,373,6ARU,yes,A,373,A,373,,T,identical,coordinates,,,no
human,P00533-1,398,V,374,6ARU,yes,A,374,A,374,,V,identical,coordinates,,,no
human,P00533-1,399,K,375,6ARU,yes,A,375,A,375,,K,identical,coordinates,,,no
human,P00533-1,400,E,376,6ARU,yes,A,376,A,376,,E,identical,coordinates,,,no
human,P00533-1,401,I,377,6ARU,yes,A,377,A,377,,I,identical,coordinates,,,no
human,P00533-1,402,T,378,6ARU,yes,A,378,A,378,,T,identical,coordinates,,,no
human,P00533-1,403,G,379,6ARU,yes,A,379,A,379,,G,identical,coordinates,,,no
human,P00533-1,404,F,380,6ARU,yes,A,380,A,380,,F,identical,coordinates,,,no
human,P00533-1,405,L,381,6ARU,yes,A,381,A,381,,L,identical,coordinates,,,no
human,P00533-1,406,L,382,6ARU,yes,A,382,A,382,,L,identical,coordinates,,,no
human,P00533-1,407,I,383,6ARU,yes,A,383,A,383,,I,identical,coordinates,,,no
human,P00533-1,408,Q,384,6ARU,yes,A,384,A,384,,Q,identical,coordinates,,,no
human,P00533-1,409,A,385,6ARU,yes,A,385,A,385,,A,identical,coordinates,,,no
human,P00533-1,410,W,386,6ARU,yes,A,386,A,386,,W,identical,coordinates,,,no
human,P00533-1,411,P,387,6ARU,yes,A,387,A,387,,P,identical,coordinates,,,no
human,P00533-1,412,E,388,6ARU,yes,A,388,A,388,,E,identical,coordinates,,,no
human,P00533-1,413,N,389,6ARU,yes,A,389,A,389,,N,identical,coordinates,,G,yes
human,P00533-1,414,R,390,6ARU,yes,A,390,A,390,,R,identical,coordinates,,,no
human,P00533-1,415,T,391,6ARU,yes,A,391,A,391,,T,identical,coordinates,,,no
human,P00533-1,416,D,392,6ARU,yes,A,392,A,392,,D,identical,coordinates,,,no
human,P00533-1,417,L,393,6ARU,yes,A,393,A,393,,L,identical,coordinates,,,no
human,P00533-1,418,H,394,6ARU,yes,A,394,A,394,,H,identical,coordinates,,,no
human,P00533-1,419,A,395,6ARU,yes,A,395,A,395,,A,identical,coordinates,,,no
human,P00533-1,420,F,396,6ARU,yes,A,396,A,396,,F,identical,coordinates,,,no
human,P00533-1,421,E,397,6ARU,yes,A,397,A,397,,E,identical,coordinates,,,no
human,P00533-1,422,N,398,6ARU,yes,A,398,A,398,,N,identical,coordinates,,,no
human,P00533-1,423,L,399,6ARU,yes,A,399,A,399,,L,identical,coordinates,,,no
human,P00533-1,424,E,400,6ARU,yes,A,400,A,400,,E,identical,coordinates,,,no
human,P00533-1,425,I,401,6ARU,yes,A,401,A,401,,I,identical,coordinates,,,no
human,P00533-1,426,I,402,6ARU,yes,A,402,A,402,,I,identical,coordinates,,,no
human,P00533-1,427,R,403,6ARU,yes,A,403,A,403,,R,identical,coordinates,,,no
human,P00533-1,428,G,404,6ARU,yes,A,404,A,404,,G,identical,coordinates,,,no
human,P00533-1,429,R,405,6ARU,yes,A,405,A,405,,R,identical,coordinates,,,no
human,P00533-1,430,T,406,6ARU,yes,A,406,A,406,,T,identical,coordinates,,,no
human,P00533-1,431,K,407,6ARU,yes,A,407,A,407,,K,identical,coordinates,,,no
human,P00533-1,432,Q,408,6ARU,yes,A,408,A,408,,Q,identical,coordinates,,,no
human,P00533-1,433,H,409,6ARU,yes,A,409,A,409,,H,identical,coordinates,,,no
human,P00533-1,434,G,410,6ARU,yes,A,410,A,410,,G,identical,coordinates,,,no
human,P00533-1,435,Q,411,6ARU,yes,A,411,A,411,,Q,identical,coordinates,,,no
human,P00533-1,436,F,412,6ARU,yes,A,412,A,412,,F,identical,coordinates,,,no
human,P00533-1,437,S,413,6ARU,yes,A,413,A,413,,S,identical,coordinates,,,no
human,P00533-1,438,L,414,6ARU,yes,A,414,A,414,,L,identical,coordinates,,,no
human,P00533-1,439,A,415,6ARU,yes,A,415,A,415,,A,identical,coordinates,,,no
human,P00533-1,440,V,416,6ARU,yes,A,416,A,416,,V,identical,coordinates,,,no
human,P00533-1,441,V,417,6ARU,yes,A,417,A,417,,V,identical,coordinates,,,no
human,P00533-1,442,S,418,6ARU,yes,A,418,A,418,,S,identical,coordinates,,,no
human,P00533-1,443,L,419,6ARU,yes,A,419,A,419,,L,identical,coordinates,,,no
human,P00533-1,444,N,420,6ARU,yes,A,420,A,420,,N,identical,coordinates,,E,yes
human,P00533-1,445,I,421,6ARU,yes,A,421,A,421,,I,identical,coordinates,,,no
human,P00533-1,446,T,422,6ARU,yes,A,422,A,422,,T,identical,coordinates,,,no
human,P00533-1,447,S,423,6ARU,yes,A,423,A,423,,S,identical,coordinates,,,no
human,P00533-1,448,L,424,6ARU,yes,A,424,A,424,,L,identical,coordinates,,,no
human,P00533-1,449,G,425,6ARU,yes,A,425,A,425,,G,identical,coordinates,,,no
human,P00533-1,450,L,426,6ARU,yes,A,426,A,426,,L,identical,coordinates,,,no
human,P00533-1,451,R,427,6ARU,yes,A,427,A,427,,R,identical,coordinates,,,no
human,P00533-1,452,S,428,6ARU,yes,A,428,A,428,,S,identical,coordinates,,,no
human,P00533-1,453,L,429,6ARU,yes,A,429,A,429,,L,identical,coordinates,,,no
human,P00533-1,454,K,430,6ARU,yes,A,430,A,430,,K,identical,coordinates,,,no
human,P00533-1,455,E,431,6ARU,yes,A,431,A,431,,E,identical,coordinates,,,no
human,P00533-1,456,I,432,6ARU,yes,A,432,A,432,,I,identical,coordinates,,,no
human,P00533-1,457,S,433,6ARU,yes,A,433,A,433,,S,identical,coordinates,,,no
human,P00533-1,458,D,434,6ARU,yes,A,434,A,434,,D,identical,coordinates,,,no
human,P00533-1,459,G,435,6ARU,yes,A,435,A,435,,G,identical,coordinates,,,no
human,P00533-1,460,D,436,6ARU,yes,A,436,A,436,,D,identical,coordinates,,,no
human,P00533-1,461,V,437,6ARU,yes,A,437,A,437,,V,identical,coordinates,,,no
human,P00533-1,462,I,438,6ARU,yes,A,438,A,438,,I,identical,coordinates,,,no
human,P00533-1,463,I,439,6ARU,yes,A,439,A,439,,I,identical,coordinates,,,no
human,P00533-1,464,S,440,6ARU,yes,A,440,A,440,,S,identical,coordinates,,,no
human,P00533-1,465,G,441,6ARU,yes,A,441,A,441,,G,identical,coordinates,,,no
human,P00533-1,466,N,442,6ARU,yes,A,442,A,442,,N,identical,coordinates,,,no
human,P00533-1,467,K,443,6ARU,yes,A,443,A,443,,K,identical,coordinates,,,no
human,P00533-1,468,N,444,6ARU,yes,A,444,A,444,,N,identical,coordinates,,,no
human,P00533-1,469,L,445,6ARU,yes,A,445,A,445,,L,identical,coordinates,,,no
human,P00533-1,470,C,446,6ARU,yes,A,446,A,446,,C,identical,coordinates,499,,no
human,P00533-1,471,Y,447,6ARU,yes,A,447,A,447,,Y,identical,coordinates,,,no
human,P00533-1,472,A,448,6ARU,yes,A,448,A,448,,A,identical,coordinates,,,no
human,P00533-1,473,N,449,6ARU,yes,A,449,A,449,,N,identical,coordinates,,,no
human,P00533-1,474,T,450,6ARU,yes,A,450,A,450,,T,identical,coordinates,,,no
human,P00533-1,475,I,451,6ARU,yes,A,451,A,451,,I,identical,coordinates,,,no
human,P00533-1,476,N,452,6ARU,yes,A,452,A,452,,N,identical,coordinates,,,no
human,P00533-1,477,W,453,6ARU,yes,A,453,A,453,,W,identical,coordinates,,,no
human,P00533-1,478,K,454,6ARU,yes,A,454,A,454,,K,identical,coordinates,,,no
human,P00533-1,479,K,455,6ARU,yes,A,455,A,455,,K,identical,coordinates,,,no
human,P00533-1,480,L,456,6ARU,yes,A,456,A,456,,L,identical,coordinates,,,no
human,P00533-1,481,F,457,6ARU,yes,A,457,A,457,,F,identical,coordinates,,,no
human,P00533-1,482,G,458,6ARU,yes,A,458,A,458,,G,identical,coordinates,,,no
human,P00533-1,483,T,459,6ARU,yes,A,459,A,459,,T,identical,coordinates,,,no
human,P00533-1,484,S,460,6ARU,yes,A,460,A,460,,S,identical,coordinates,,,no
human,P00533-1,485,G,461,6ARU,yes,A,461,A,461,,G,identical,coordinates,,,no
human,P00533-1,486,Q,462,6ARU,yes,A,462,A,462,,Q,identical,coordinates,,,no
human,P00533-1,487,K,463,6ARU,yes,A,463,A,463,,K,identical,coordinates,,,no
human,P00533-1,488,T,464,6ARU,yes,A,464,A,464,,T,identical,coordinates,,,no
human,P00533-1,489,K,465,6ARU,yes,A,465,A,465,,K,identical,coordinates,,,no
human,P00533-1,490,I,466,6ARU,yes,A,466,A,466,,I,identical,coordinates,,,no
human,P00533-1,491,I,467,6ARU,yes,A,467,A,467,,I,identical,coordinates,,,no
human,P00533-1,492,S,468,6ARU,yes,A,468,A,468,,S,identical,coordinates,,,no
human,P00533-1,493,N,469,6ARU,yes,A,469,A,469,,N,identical,coordinates,,,no
human,P00533-1,494,R,470,6ARU,yes,A,470,A,470,,R,identical,coordinates,,,no
human,P00533-1,495,G,471,6ARU,yes,A,471,A,471,,G,identical,coordinates,,,no
human,P00533-1,496,E,472,6ARU,yes,A,472,A,472,,E,identical,coordinates,,,no
human,P00533-1,497,N,473,6ARU,yes,A,473,A,473,,N,identical,coordinates,,,no
human,P00533-1,498,S,474,6ARU,yes,A,474,A,474,,S,identical,coordinates,,,no
human,P00533-1,499,C,475,6ARU,yes,A,475,A,475,,C,identical,coordinates,470,,no
human,P00533-1,500,K,476,6ARU,yes,A,476,A,476,,K,identical,coordinates,,,no
human,P00533-1,501,A,477,6ARU,yes,A,477,A,477,,A,identical,coordinates,,,no
human,P00533-1,502,T,478,6ARU,yes,A,478,A,478,,T,identical,coordinates,,,no
human,P00533-1,503,G,479,6ARU,yes,A,479,A,479,,G,identical,coordinates,,,no
human,P00533-1,504,Q,480,6ARU,yes,A,480,A,480,,Q,identical,coordinates,,,no
human,P00533-1,505,V,481,6ARU,yes,A,481,A,481,,V,identical,coordinates,,,no
human,P00533-1,506,C,482,6ARU,yes,A,482,A,482,,C,identical,coordinates,515,,no
human,P00533-1,507,H,483,6ARU,yes,A,483,A,483,,H,identical,coordinates,,,no
human,P00533-1,508,A,484,6ARU,yes,A,484,A,484,,A,identical,coordinates,,,no
human,P00533-1,509,L,485,6ARU,yes,A,485,A,485,,L,identical,coordinates,,,no
human,P00533-1,510,C,486,6ARU,yes,A,486,A,486,,C,identical,coordinates,523,,no
human,P00533-1,511,S,487,6ARU,yes,A,487,A,487,,S,identical,coordinates,,,no
human,P00533-1,512,P,488,6ARU,yes,A,488,A,488,,P,identical,coordinates,,,no
human,P00533-1,513,E,489,6ARU,yes,A,489,A,489,,E,identical,coordinates,,,no
human,P00533-1,514,G,490,6ARU,yes,A,490,A,490,,G,identical,coordinates,,,no
human,P00533-1,515,C,491,6ARU,yes,A,491,A,491,,C,identical,coordinates,506,,no
human,P00533-1,516,W,492,6ARU,yes,A,492,A,492,,W,identical,coordinates,,,no
human,P00533-1,517,G,493,6ARU,yes,A,493,A,493,,G,identical,coordinates,,,no
human,P00533-1,518,P,494,6ARU,yes,A,494,A,494,,P,identical,coordinates,,,no
human,P00533-1,519,E,495,6ARU,yes,A,495,A,495,,E,identical,coordinates,,,no
human,P00533-1,520,P,496,6ARU,yes,A,496,A,496,,P,identical,coordinates,,,no
human,P00533-1,521,R,497,6ARU,yes,A,497,A,497,,R,identical,coordinates,,,no
human,P00533-1,522,D,498,6ARU,yes,A,498,A,498,,D,identical,coordinates,,,no
human,P00533-1,523,C,499,6ARU,yes,A,499,A,499,,C,identical,coordinates,510,,no
human,P00533-1,524,V,500,6ARU,yes,A,500,A,500,,V,identical,coordinates,,,no
human,P00533-1,525,S,501,6ARU,yes,A,501,A,501,,S,identical,coordinates,,,no
human,P00533-1,526,C,502,6ARU,yes,A,502,A,502,,C,identical,coordinates,535,,no
human,P00533-1,527,R,503,6ARU,yes,A,503,A,503,,R,identical,coordinates,,,no
human,P00533-1,528,N,504,6ARU,yes,A,504,A,504,,N,identical,coordinates,,,yes
human,P00533-1,529,V,505,6ARU,yes,A,505,A,505,,V,identical,coordinates,,,no
human,P00533-1,530,S,506,6ARU,yes,A,506,A,506,,S,identical,coordinates,,,no
human,P00533-1,531,R,507,6ARU,yes,A,507,A,507,,R,identical,coordinates,,,no
human,P00533-1,532,G,508,6ARU,yes,A,508,A,508,,G,identical,coordinates,,,no
human,P00533-1,533,R,509,6ARU,yes,A,509,A,509,,R,identical,coordinates,,,no
human,P00533-1,534,E,510,6ARU,yes,A,510,A,510,,E,identical,coordinates,,,no
human,P00533-1,535,C,511,6ARU,yes,A,511,A,511,,C,identical,coordinates,526,,no
human,P00533-1,536,V,512,6ARU,yes,A,512,A,512,,V,identical,coordinates,,,no
human,P00533-1,537,D,513,6ARU,yes,A,513,A,513,,D,identical,coordinates,,,no
human,P00533-1,538,K,514,6ARU,yes,A,514,A,514,,K,identical,coordinates,,,no
human,P00533-1,539,C,515,6ARU,yes,A,515,A,515,,C,identical,coordinates,555,,no
human,P00533-1,540,N,516,6ARU,yes,A,516,A,516,,K,conflict:ASN540->K,coordinates,,,no
human,P00533-1,541,L,517,6ARU,yes,A,517,A,517,,L,identical,coordinates,,,no
human,P00533-1,542,L,518,6ARU,yes,A,518,A,518,,L,identical,coordinates,,,no
human,P00533-1,543,E,519,6ARU,yes,A,519,A,519,,E,identical,coordinates,,,no
human,P00533-1,544,G,520,6ARU,yes,A,520,A,520,,G,identical,coordinates,,,no
human,P00533-1,545,E,521,6ARU,yes,A,521,A,521,,E,identical,coordinates,,,no
human,P00533-1,546,P,522,6ARU,yes,A,522,A,522,,P,identical,coordinates,,,no
human,P00533-1,547,R,523,6ARU,yes,A,523,A,523,,R,identical,coordinates,,,no
human,P00533-1,548,E,524,6ARU,yes,A,524,A,524,,E,identical,coordinates,,,no
human,P00533-1,549,F,525,6ARU,yes,A,525,A,525,,F,identical,coordinates,,,no
human,P00533-1,550,V,526,6ARU,yes,A,526,A,526,,V,identical,coordinates,,,no
human,P00533-1,551,E,527,6ARU,yes,A,527,A,527,,E,identical,coordinates,,,no
human,P00533-1,552,N,528,6ARU,yes,A,528,A,528,,N,identical,coordinates,,,no
human,P00533-1,553,S,529,6ARU,yes,A,529,A,529,,S,identical,coordinates,,,no
human,P00533-1,554,E,530,6ARU,yes,A,530,A,530,,E,identical,coordinates,,,no
human,P00533-1,555,C,531,6ARU,yes,A,531,A,531,,C,identical,coordinates,539,,no
human,P00533-1,556,I,532,6ARU,yes,A,532,A,532,,I,identical,coordinates,,,no
human,P00533-1,557,Q,533,6ARU,yes,A,533,A,533,,Q,identical,coordinates,,,no
human,P00533-1,558,C,534,6ARU,yes,A,534,A,534,,C,identical,coordinates,571,,no
human,P00533-1,559,H,535,6ARU,yes,A,535,A,535,,H,identical,coordinates,,,no
human,P00533-1,560,P,536,6ARU,yes,A,536,A,536,,P,identical,coordinates,,,no
human,P00533-1,561,E,537,6ARU,yes,A,537,A,537,,E,identical,coordinates,,,no
human,P00533-1,562,C,538,6ARU,yes,A,538,A,538,,C,identical,coordinates,579,,no
human,P00533-1,563,L,539,6ARU,yes,A,539,A,539,,L,identical,coordinates,,,no
human,P00533-1,564,P,540,6ARU,yes,A,540,A,540,,P,identical,coordinates,,,no
human,P00533-1,565,Q,541,6ARU,yes,A,541,A,541,,Q,identical,coordinates,,,no
human,P00533-1,566,A,542,6ARU,yes,A,542,A,542,,A,identical,coordinates,,,no
human,P00533-1,567,M,543,6ARU,yes,A,543,A,543,,M,identical,coordinates,,,no
human,P00533-1,568,N,544,6ARU,yes,A,544,A,544,,N,identical,coordinates,,,yes
human,P00533-1,569,I,545,6ARU,yes,A,545,A,545,,I,identical,coordinates,,,no
human,P00533-1,570,T,546,6ARU,yes,A,546,A,546,,T,identical,coordinates,,,no
human,P00533-1,571,C,547,6ARU,yes,A,547,A,547,,C,identical,coordinates,558,,no
human,P00533-1,572,T,548,6ARU,yes,A,548,A,548,,T,identical,coordinates,,,no
human,P00533-1,573,G,549,6ARU,yes,A,549,A,549,,G,identical,coordinates,,,no
human,P00533-1,574,R,550,6ARU,yes,A,550,A,550,,R,identical,coordinates,,,no
human,P00533-1,575,G,551,6ARU,yes,A,551,A,551,,G,identical,coordinates,,,no
human,P00533-1,576,P,552,6ARU,yes,A,552,A,552,,P,identical,coordinates,,,no
human,P00533-1,577,D,553,6ARU,yes,A,553,A,553,,D,identical,coordinates,,,no
human,P00533-1,578,N,554,6ARU,yes,A,554,A,554,,N,identical,coordinates,,,no
human,P00533-1,579,C,555,6ARU,yes,A,555,A,555,,C,identical,coordinates,562,,no
human,P00533-1,580,I,556,6ARU,yes,A,556,A,556,,I,identical,coordinates,,,no
human,P00533-1,581,Q,557,6ARU,yes,A,557,A,557,,Q,identical,coordinates,,,no
human,P00533-1,582,C,558,6ARU,yes,A,558,A,558,,C,identical,coordinates,591,,no
human,P00533-1,583,A,559,6ARU,yes,A,559,A,559,,A,identical,coordinates,,,no
human,P00533-1,584,H,560,6ARU,yes,A,560,A,560,,H,identical,coordinates,,,no
human,P00533-1,585,Y,561,6ARU,yes,A,561,A,561,,Y,identical,coordinates,,,no
human,P00533-1,586,I,562,6ARU,yes,A,562,A,562,,I,identical,coordinates,,,no
human,P00533-1,587,D,563,6ARU,yes,A,563,A,563,,D,identical,coordinates,,,no
human,P00533-1,588,G,564,6ARU,yes,A,564,A,564,,G,identical,coordinates,,,no
human,P00533-1,589,P,565,6ARU,yes,A,565,A,565,,P,identical,coordinates,,,no
human,P00533-1,590,H,566,6ARU,yes,A,566,A,566,,H,identical,coordinates,,,no
human,P00533-1,591,C,567,6ARU,yes,A,567,A,567,,C,identical,coordinates,582,,no
human,P00533-1,592,V,568,6ARU,yes,A,568,A,568,,V,identical,coordinates,,,no
human,P00533-1,593,K,569,6ARU,yes,A,569,A,569,,K,identical,coordinates,,,no
human,P00533-1,594,T,570,6ARU,yes,A,570,A,570,,T,identical,coordinates,,,no
human,P00533-1,595,C,571,6ARU,yes,A,571,A,571,,C,identical,coordinates,617,,no
human,P00533-1,596,P,572,6ARU,yes,A,572,A,572,,P,identical,coordinates,,,no
human,P00533-1,597,A,573,6ARU,yes,A,573,A,573,,A,identical,coordinates,,,no
human,P00533-1,598,G,574,6ARU,yes,A,574,A,574,,G,identical,coordinates,,,no
human,P00533-1,599,V,575,6ARU,yes,A,575,A,575,,V,identical,coordinates,,,no
human,P00533-1,600,M,576,6ARU,yes,A,576,A,576,,M,identical,coordinates,,,no
human,P00533-1,601,G,577,6ARU,yes,A,577,A,577,,G,identical,coordinates,,,no
human,P00533-1,602,E,578,6ARU,yes,A,578,A,578,,E,identical,coordinates,,,no
human,P00533-1,603,N,579,6ARU,yes,A,579,A,579,,N,identical,coordinates,,,yes
human,P00533-1,604,N,580,6ARU,yes,A,580,A,580,,N,identical,coordinates,,,no
human,P00533-1,605,T,581,6ARU,yes,A,581,A,581,,T,identical,coordinates,,,no
human,P00533-1,606,L,582,6ARU,yes,A,582,A,582,,L,identical,coordinates,,,no
human,P00533-1,607,V,583,6ARU,yes,A,583,A,583,,V,identical,coordinates,,,no
human,P00533-1,608,W,584,6ARU,yes,A,584,A,584,,W,identical,coordinates,,,no
human,P00533-1,609,K,585,6ARU,yes,A,585,A,585,,K,identical,coordinates,,,no
human,P00533-1,610,Y,586,6ARU,yes,A,586,A,586,,Y,identical,coordinates,,,no
human,P00533-1,611,A,587,6ARU,yes,A,587,A,587,,A,identical,coordinates,,,no
human,P00533-1,612,D,588,6ARU,yes,A,588,A,588,,D,identical,coordinates,,,no
human,P00533-1,613,A,589,6ARU,yes,A,589,A,589,,A,identical,coordinates,,,no
human,P00533-1,614,G,590,6ARU,yes,A,590,A,590,,G,identical,coordinates,,,no
human,P00533-1,615,H,591,6ARU,yes,A,591,A,591,,H,identical,coordinates,,,no
human,P00533-1,616,V,592,6ARU,yes,A,592,A,592,,V,identical,coordinates,,,no
human,P00533-1,617,C,593,6ARU,yes,A,593,A,593,,C,identical,coordinates,595,,no
human,P00533-1,618,H,594,6ARU,yes,A,594,A,594,,H,identical,coordinates,,,no
human,P00533-1,619,L,595,6ARU,yes,A,595,A,595,,L,identical,coordinates,,,no
human,P00533-1,620,C,596,6ARU,yes,A,596,A,596,,C,identical,coordinates,628,,no
human,P00533-1,621,H,597,6ARU,yes,A,597,A,597,,H,identical,coordinates,,,no
human,P00533-1,622,P,598,6ARU,yes,A,598,A,598,,P,identical,coordinates,,,no
human,P00533-1,623,N,599,6ARU,yes,A,599,A,599,,N,identical,coordinates,,,yes
human,P00533-1,624,C,600,6ARU,yes,A,600,A,600,,C,identical,coordinates,636,,no
human,P00533-1,625,T,601,6ARU,yes,A,601,A,601,,T,identical,coordinates,,,no
human,P00533-1,626,Y,602,6ARU,yes,A,602,A,602,,Y,identical,coordinates,,,no
human,P00533-1,627,G,603,6ARU,yes,A,603,A,603,,G,identical,coordinates,,,no
human,P00533-1,628,C,604,6ARU,yes,A,604,A,604,,C,identical,coordinates,620,,no
human,P00533-1,629,T,605,6ARU,yes,A,605,A,605,,T,identical,coordinates,,,no
human,P00533-1,630,G,606,6ARU,yes,A,606,A,606,,G,identical,coordinates,,,no
human,P00533-1,631,P,607,6ARU,yes,A,607,A,607,,P,identical,coordinates,,,no
human,P00533-1,632,G,608,6ARU,yes,A,608,A,608,,G,identical,coordinates,,,no
human,P00533-1,633,L,609,6ARU,yes,A,609,A,609,,L,identical,coordinates,,,no
human,P00533-1,634,E,610,6ARU,yes,A,610,A,610,,R,conflict:GLU634->R,coordinates,,,no
human,P00533-1,635,G,611,6ARU,yes,A,611,A,611,,G,identical,coordinates,,,no
human,P00533-1,636,C,612,6ARU,yes,A,612,A,612,,C,identical,coordinates,624,,no
human,P00533-1,637,P,613,6ARU,yes,A,613,A,613,,P,identical,missing,,,no
human,P00533-1,638,T,614,6ARU,yes,A,614,A,614,,T,identical,missing,,,no
human,P00533-1,639,N,615,6ARU,yes,A,615,A,615,,N,identical,missing,,,no
human,P00533-1,640,G,616,6ARU,yes,A,616,A,616,,G,identical,missing,,,no
human,P00533-1,641,P,617,6ARU,no,,,,,,,na,not_in_construct,,,no
human,P00533-1,642,K,618,6ARU,no,,,,,,,na,not_in_construct,,,no
human,P00533-1,643,I,619,6ARU,no,,,,,,,na,not_in_construct,,,no
human,P00533-1,644,P,620,6ARU,no,,,,,,,na,not_in_construct,,,no
human,P00533-1,645,S,621,6ARU,no,,,,,,,na,not_in_construct,,,no
