epitope,epitope_residue_uniprot,epitope_residue_aa,glycan_site,dist_to_Asn_heavy_A,dist_to_observed_glycan_heavy_A,site_human_uniprot_annotation,site_structurally_glycosylated_6ARU,site_mouse_Q01279,site_mouse_uniprot_pos,site_mouse_CARBOHYD_annotation
EPI_H_1,316,Y,N352,28.19,28.3,CARBOHYD,yes(D),N,352,CARBOHYD
EPI_H_1,316,Y,N361,12.17,12.39,CARBOHYD,yes(F),Y,361,no_sequon
EPI_H_1,316,Y,N413,35.09,33.09,CARBOHYD,yes(G),N,413,CARBOHYD
EPI_H_1,316,Y,N444,37.46,39.28,CARBOHYD,yes(E),N,444,CARBOHYD
EPI_H_1,317,E,N352,30.18,29.76,CARBOHYD,yes(D),N,352,CARBOHYD
EPI_H_1,317,E,N361,14.47,15.49,CARBOHYD,yes(F),Y,361,no_sequon
EPI_H_1,317,E,N413,38.11,36.23,CARBOHYD,yes(G),N,413,CARBOHYD
EPI_H_1,317,E,N444,40.48,42.76,CARBOHYD,yes(E),N,444,CARBOHYD
EPI_H_1,318,M,N352,33.33,32.76,CARBOHYD,yes(D),N,352,CARBOHYD
EPI_H_1,318,M,N361,17.64,18.83,CARBOHYD,yes(F),Y,361,no_sequon
EPI_H_1,318,M,N413,40.72,38.96,CARBOHYD,yes(G),N,413,CARBOHYD
EPI_H_1,318,M,N444,42.32,44.38,CARBOHYD,yes(E),N,444,CARBOHYD
EPI_H_1,319,E,N352,36.2,35.49,CARBOHYD,yes(D),N,352,CARBOHYD
EPI_H_1,319,E,N361,20.66,22.27,CARBOHYD,yes(F),Y,361,no_sequon
EPI_H_1,319,E,N413,43.37,41.71,CARBOHYD,yes(G),N,413,CARBOHYD
EPI_H_1,319,E,N444,44.71,46.92,CARBOHYD,yes(E),N,444,CARBOHYD
EPI_H_1,320,E,N352,39.54,38.92,CARBOHYD,yes(D),N,352,CARBOHYD
EPI_H_1,320,E,N361,23.83,23.58,CARBOHYD,yes(F),Y,361,no_sequon
EPI_H_1,320,E,N413,45.02,43.03,CARBOHYD,yes(G),N,413,CARBOHYD
EPI_H_1,320,E,N444,46.86,48.32,CARBOHYD,yes(E),N,444,CARBOHYD
EPI_H_1,321,D,N352,42.84,42.22,CARBOHYD,yes(D),N,352,CARBOHYD
EPI_H_1,321,D,N361,27.14,27.98,CARBOHYD,yes(F),Y,361,no_sequon
EPI_H_1,321,D,N413,49.06,47.35,CARBOHYD,yes(G),N,413,CARBOHYD
EPI_H_1,321,D,N444,50.2,52.09,CARBOHYD,yes(E),N,444,CARBOHYD
EPI_H_1,322,G,N352,42.25,40.83,CARBOHYD,yes(D),N,352,CARBOHYD
EPI_H_1,322,G,N361,27.11,28.12,CARBOHYD,yes(F),Y,361,no_sequon
EPI_H_1,322,G,N413,50.42,48.72,CARBOHYD,yes(G),N,413,CARBOHYD
EPI_H_1,322,G,N444,51.48,53.61,CARBOHYD,yes(E),N,444,CARBOHYD
EPI_H_1,323,V,N352,40.13,39.33,CARBOHYD,yes(D),N,352,CARBOHYD
EPI_H_1,323,V,N361,24.45,24.71,CARBOHYD,yes(F),Y,361,no_sequon
EPI_H_1,323,V,N413,47.47,45.56,CARBOHYD,yes(G),N,413,CARBOHYD
EPI_H_1,323,V,N444,49.28,51.31,CARBOHYD,yes(E),N,444,CARBOHYD
EPI_H_1,324,R,N352,34.96,32.54,CARBOHYD,yes(D),N,352,CARBOHYD
EPI_H_1,324,R,N361,20.88,21.98,CARBOHYD,yes(F),Y,361,no_sequon
EPI_H_1,324,R,N413,45.26,43.68,CARBOHYD,yes(G),N,413,CARBOHYD
EPI_H_1,324,R,N444,46.86,50.02,CARBOHYD,yes(E),N,444,CARBOHYD
EPI_H_1,325,K,N352,34.66,34.3,CARBOHYD,yes(D),N,352,CARBOHYD
EPI_H_1,325,K,N361,18.79,18.59,CARBOHYD,yes(F),Y,361,no_sequon
EPI_H_1,325,K,N413,41.92,39.87,CARBOHYD,yes(G),N,413,CARBOHYD
EPI_H_1,325,K,N444,44.35,46.31,CARBOHYD,yes(E),N,444,CARBOHYD
EPI_H_1,326,C,N352,33.46,33.15,CARBOHYD,yes(D),N,352,CARBOHYD
EPI_H_1,326,C,N361,17.85,16.09,CARBOHYD,yes(F),Y,361,no_sequon
EPI_H_1,326,C,N413,40.39,38.08,CARBOHYD,yes(G),N,413,CARBOHYD
EPI_H_1,326,C,N444,43.37,44.98,CARBOHYD,yes(E),N,444,CARBOHYD
EPI_H_1,327,K,N352,30.69,31.39,CARBOHYD,yes(D),N,352,CARBOHYD
EPI_H_1,327,K,N361,14.58,13.41,CARBOHYD,yes(F),Y,361,no_sequon
EPI_H_1,327,K,N413,36.43,34.16,CARBOHYD,yes(G),N,413,CARBOHYD
EPI_H_1,327,K,N444,39.4,40.98,CARBOHYD,yes(E),N,444,CARBOHYD
EPI_H_1,328,K,N352,29.9,31.21,CARBOHYD,yes(D),N,352,CARBOHYD
EPI_H_1,328,K,N361,13.96,12.12,CARBOHYD,yes(F),Y,361,no_sequon
EPI_H_1,328,K,N413,34.42,32.01,CARBOHYD,yes(G),N,413,CARBOHYD
EPI_H_1,328,K,N444,37.58,38.8,CARBOHYD,yes(E),N,444,CARBOHYD
EPI_H_1,329,C,N352,26.09,27.0,CARBOHYD,yes(D),N,352,CARBOHYD
EPI_H_1,329,C,N361,9.96,9.87,CARBOHYD,yes(F),Y,361,no_sequon
EPI_H_1,329,C,N413,31.21,28.77,CARBOHYD,yes(G),N,413,CARBOHYD
EPI_H_1,329,C,N444,34.49,35.63,CARBOHYD,yes(E),N,444,CARBOHYD
EPI_H_1,330,E,N352,27.04,29.29,CARBOHYD,yes(D),N,352,CARBOHYD
EPI_H_1,330,E,N361,12.11,11.35,CARBOHYD,yes(F),Y,361,no_sequon
EPI_H_1,330,E,N413,29.02,26.61,CARBOHYD,yes(G),N,413,CARBOHYD
EPI_H_1,330,E,N444,32.14,32.99,CARBOHYD,yes(E),N,444,CARBOHYD
EPI_H_1,331,G,N352,23.86,26.11,CARBOHYD,yes(D),N,352,CARBOHYD
EPI_H_1,331,G,N361,8.98,8.69,CARBOHYD,yes(F),Y,361,no_sequon
EPI_H_1,331,G,N413,27.16,24.93,CARBOHYD,yes(G),N,413,CARBOHYD
EPI_H_1,331,G,N444,30.09,31.28,CARBOHYD,yes(E),N,444,CARBOHYD
EPI_H_1,332,P,N352,20.32,22.57,CARBOHYD,yes(D),N,352,CARBOHYD
EPI_H_1,332,P,N361,5.64,7.13,CARBOHYD,yes(F),Y,361,no_sequon
EPI_H_1,332,P,N413,24.28,22.31,CARBOHYD,yes(G),N,413,CARBOHYD
EPI_H_1,332,P,N444,27.36,29.09,CARBOHYD,yes(E),N,444,CARBOHYD
EPI_H_1,333,C,N352,20.47,21.35,CARBOHYD,yes(D),N,352,CARBOHYD
EPI_H_1,333,C,N361,4.35,7.58,CARBOHYD,yes(F),Y,361,no_sequon
EPI_H_1,333,C,N413,27.85,26.11,CARBOHYD,yes(G),N,413,CARBOHYD
EPI_H_1,333,C,N444,30.57,33.05,CARBOHYD,yes(E),N,444,CARBOHYD
EPI_H_1,334,R,N352,20.79,20.85,CARBOHYD,yes(D),N,352,CARBOHYD
EPI_H_1,334,R,N361,5.52,9.88,CARBOHYD,yes(F),Y,361,no_sequon
EPI_H_1,334,R,N413,29.24,27.79,CARBOHYD,yes(G),N,413,CARBOHYD
EPI_H_1,334,R,N444,31.12,33.91,CARBOHYD,yes(E),N,444,CARBOHYD
EPI_H_1,335,K,N352,15.89,15.95,CARBOHYD,yes(D),N,352,CARBOHYD
EPI_H_1,335,K,N361,3.16,4.27,CARBOHYD,yes(F),Y,361,no_sequon
EPI_H_1,335,K,N413,26.54,25.17,CARBOHYD,yes(G),N,413,CARBOHYD
EPI_H_1,335,K,N444,27.99,31.35,CARBOHYD,yes(E),N,444,CARBOHYD
EPI_H_1,336,V,N352,16.39,15.18,CARBOHYD,yes(D),N,352,CARBOHYD
EPI_H_1,336,V,N361,6.03,10.19,CARBOHYD,yes(F),Y,361,no_sequon
EPI_H_1,336,V,N413,28.17,27.47,CARBOHYD,yes(G),N,413,CARBOHYD
EPI_H_1,336,V,N444,28.97,32.73,CARBOHYD,yes(E),N,444,CARBOHYD
EPI_H_1,337,C,N352,13.12,11.87,CARBOHYD,yes(D),N,352,CARBOHYD
EPI_H_1,337,C,N361,5.65,8.84,CARBOHYD,yes(F),Y,361,no_sequon
EPI_H_1,337,C,N413,25.22,24.44,CARBOHYD,yes(G),N,413,CARBOHYD
EPI_H_1,337,C,N444,26.4,29.94,CARBOHYD,yes(E),N,444,CARBOHYD
EPI_H_1,338,N,N352,11.1,9.8,CARBOHYD,yes(D),N,352,CARBOHYD
EPI_H_1,338,N,N361,10.43,12.97,CARBOHYD,yes(F),Y,361,no_sequon
EPI_H_1,338,N,N413,25.21,25.29,CARBOHYD,yes(G),N,413,CARBOHYD
EPI_H_1,338,N,N444,24.94,29.15,CARBOHYD,yes(E),N,444,CARBOHYD
EPI_H_1,339,G,N352,10.34,8.4,CARBOHYD,yes(D),N,352,CARBOHYD
EPI_H_1,339,G,N361,12.74,15.8,CARBOHYD,yes(F),Y,361,no_sequon
EPI_H_1,339,G,N413,25.12,25.75,CARBOHYD,yes(G),N,413,CARBOHYD
EPI_H_1,339,G,N444,23.73,28.5,CARBOHYD,yes(E),N,444,CARBOHYD
EPI_H_1,340,I,N352,6.29,6.6,CARBOHYD,yes(D),N,352,CARBOHYD
EPI_H_1,340,I,N361,13.91,15.91,CARBOHYD,yes(F),Y,361,no_sequon
EPI_H_1,340,I,N413,21.56,22.49,CARBOHYD,yes(G),N,413,CARBOHYD
EPI_H_1,340,I,N444,20.06,24.64,CARBOHYD,yes(E),N,444,CARBOHYD
EPI_H_1,341,G,N352,9.81,7.6,CARBOHYD,yes(D),N,352,CARBOHYD
EPI_H_1,341,G,N361,17.09,18.77,CARBOHYD,yes(F),Y,361,no_sequon
EPI_H_1,341,G,N413,26.02,26.99,CARBOHYD,yes(G),N,413,CARBOHYD
EPI_H_1,341,G,N444,24.18,28.77,CARBOHYD,yes(E),N,444,CARBOHYD
EPI_H_1,342,I,N352,11.63,7.72,CARBOHYD,yes(D),N,352,CARBOHYD
EPI_H_1,342,I,N361,15.25,16.27,CARBOHYD,yes(F),Y,361,no_sequon
EPI_H_1,342,I,N413,28.08,28.47,CARBOHYD,yes(G),N,413,CARBOHYD
EPI_H_1,342,I,N444,26.54,31.22,CARBOHYD,yes(E),N,444,CARBOHYD
EPI_H_1,343,G,N352,12.11,7.39,CARBOHYD,yes(D),N,352,CARBOHYD
EPI_H_1,343,G,N361,15.88,16.01,CARBOHYD,yes(F),Y,361,no_sequon
EPI_H_1,343,G,N413,29.88,30.07,CARBOHYD,yes(G),N,413,CARBOHYD
EPI_H_1,343,G,N444,29.5,33.59,CARBOHYD,yes(E),N,444,CARBOHYD
EPI_H_2,385,P,N352,5.6,7.43,CARBOHYD,yes(D),N,352,CARBOHYD
EPI_H_2,385,P,N361,19.56,19.01,CARBOHYD,yes(F),Y,361,no_sequon
EPI_H_2,385,P,N413,17.05,14.92,CARBOHYD,yes(G),N,413,CARBOHYD
EPI_H_2,385,P,N444,19.66,19.33,CARBOHYD,yes(E),N,444,CARBOHYD
EPI_H_2,386,P,N352,6.46,9.57,CARBOHYD,yes(D),N,352,CARBOHYD
EPI_H_2,386,P,N361,18.93,19.18,CARBOHYD,yes(F),Y,361,no_sequon
EPI_H_2,386,P,N413,14.28,11.77,CARBOHYD,yes(G),N,413,CARBOHYD
EPI_H_2,386,P,N444,17.46,15.97,CARBOHYD,yes(E),N,444,CARBOHYD
EPI_H_2,387,L,N352,4.1,9.18,CARBOHYD,yes(D),N,352,CARBOHYD
EPI_H_2,387,L,N361,14.15,15.45,CARBOHYD,yes(F),Y,361,no_sequon
EPI_H_2,387,L,N413,10.69,9.26,CARBOHYD,yes(G),N,413,CARBOHYD
EPI_H_2,387,L,N444,14.6,14.2,CARBOHYD,yes(E),N,444,CARBOHYD
EPI_H_2,388,D,N352,7.08,11.92,CARBOHYD,yes(D),N,352,CARBOHYD
EPI_H_2,388,D,N361,14.79,16.37,CARBOHYD,yes(F),Y,361,no_sequon
EPI_H_2,388,D,N413,9.38,6.83,CARBOHYD,yes(G),N,413,CARBOHYD
EPI_H_2,388,D,N444,15.44,14.22,CARBOHYD,yes(E),N,444,CARBOHYD
EPI_H_2,389,P,N352,9.17,14.1,CARBOHYD,yes(D),N,352,CARBOHYD
EPI_H_2,389,P,N361,14.38,17.09,CARBOHYD,yes(F),Y,361,no_sequon
EPI_H_2,389,P,N413,6.41,6.55,CARBOHYD,yes(G),N,413,CARBOHYD
EPI_H_2,389,P,N444,12.01,10.92,CARBOHYD,yes(E),N,444,CARBOHYD
EPI_H_2,390,Q,N352,10.39,15.9,CARBOHYD,yes(D),N,352,CARBOHYD
EPI_H_2,390,Q,N361,12.04,14.58,CARBOHYD,yes(F),Y,361,no_sequon
EPI_H_2,390,Q,N413,8.24,7.1,CARBOHYD,yes(G),N,413,CARBOHYD
EPI_H_2,390,Q,N444,14.82,13.64,CARBOHYD,yes(E),N,444,CARBOHYD
EPI_H_2,391,E,N352,6.46,11.45,CARBOHYD,yes(D),N,352,CARBOHYD
EPI_H_2,391,E,N361,9.46,11.27,CARBOHYD,yes(F),Y,361,no_sequon
EPI_H_2,391,E,N413,10.82,9.47,CARBOHYD,yes(G),N,413,CARBOHYD
EPI_H_2,391,E,N444,16.98,16.26,CARBOHYD,yes(E),N,444,CARBOHYD
EPI_H_2,392,L,N352,7.21,11.91,CARBOHYD,yes(D),N,352,CARBOHYD
EPI_H_2,392,L,N361,9.74,13.75,CARBOHYD,yes(F),Y,361,no_sequon
EPI_H_2,392,L,N413,9.32,10.16,CARBOHYD,yes(G),N,413,CARBOHYD
EPI_H_2,392,L,N444,11.73,13.53,CARBOHYD,yes(E),N,444,CARBOHYD
EPI_H_2,393,D,N352,10.75,16.03,CARBOHYD,yes(D),N,352,CARBOHYD
EPI_H_2,393,D,N361,7.64,11.12,CARBOHYD,yes(F),Y,361,no_sequon
EPI_H_2,393,D,N413,9.9,8.03,CARBOHYD,yes(G),N,413,CARBOHYD
EPI_H_2,393,D,N444,15.78,15.58,CARBOHYD,yes(E),N,444,CARBOHYD
EPI_H_2,394,I,N352,7.93,12.75,CARBOHYD,yes(D),N,352,CARBOHYD
EPI_H_2,394,I,N361,4.83,8.36,CARBOHYD,yes(F),Y,361,no_sequon
EPI_H_2,394,I,N413,14.37,12.84,CARBOHYD,yes(G),N,413,CARBOHYD
EPI_H_2,394,I,N444,18.95,19.83,CARBOHYD,yes(E),N,444,CARBOHYD
EPI_H_2,395,L,N352,8.29,12.46,CARBOHYD,yes(D),N,352,CARBOHYD
EPI_H_2,395,L,N361,6.99,11.45,CARBOHYD,yes(F),Y,361,no_sequon
EPI_H_2,395,L,N413,14.85,14.58,CARBOHYD,yes(G),N,413,CARBOHYD
EPI_H_2,395,L,N444,16.11,19.2,CARBOHYD,yes(E),N,444,CARBOHYD
EPI_H_2,396,K,N352,13.42,17.54,CARBOHYD,yes(D),N,352,CARBOHYD
EPI_H_2,396,K,N361,7.68,11.67,CARBOHYD,yes(F),Y,361,no_sequon
EPI_H_2,396,K,N413,12.36,10.55,CARBOHYD,yes(G),N,413,CARBOHYD
EPI_H_2,396,K,N444,16.14,16.98,CARBOHYD,yes(E),N,444,CARBOHYD
EPI_H_2,397,T,N352,14.53,17.24,CARBOHYD,yes(D),N,352,CARBOHYD
EPI_H_2,397,T,N361,3.74,7.77,CARBOHYD,yes(F),Y,361,no_sequon
EPI_H_2,397,T,N413,18.55,17.11,CARBOHYD,yes(G),N,413,CARBOHYD
EPI_H_2,397,T,N444,21.45,23.63,CARBOHYD,yes(E),N,444,CARBOHYD
EPI_H_2,398,V,N352,12.8,15.53,CARBOHYD,yes(D),N,352,CARBOHYD
EPI_H_2,398,V,N361,6.42,11.72,CARBOHYD,yes(F),Y,361,no_sequon
EPI_H_2,398,V,N413,19.54,19.01,CARBOHYD,yes(G),N,413,CARBOHYD
EPI_H_2,398,V,N444,20.57,23.54,CARBOHYD,yes(E),N,444,CARBOHYD
EPI_H_2,399,K,N352,17.39,19.81,CARBOHYD,yes(D),N,352,CARBOHYD
EPI_H_2,399,K,N361,8.33,12.24,CARBOHYD,yes(F),Y,361,no_sequon
EPI_H_2,399,K,N413,22.33,21.7,CARBOHYD,yes(G),N,413,CARBOHYD
EPI_H_2,399,K,N444,22.81,25.75,CARBOHYD,yes(E),N,444,CARBOHYD
EPI_H_2,400,E,N352,16.41,17.83,CARBOHYD,yes(D),N,352,CARBOHYD
EPI_H_2,400,E,N361,10.14,15.94,CARBOHYD,yes(F),Y,361,no_sequon
EPI_H_2,400,E,N413,23.86,23.72,CARBOHYD,yes(G),N,413,CARBOHYD
EPI_H_2,400,E,N444,23.28,26.87,CARBOHYD,yes(E),N,444,CARBOHYD
EPI_H_2,401,I,N352,13.72,16.47,CARBOHYD,yes(D),N,352,CARBOHYD
EPI_H_2,401,I,N361,12.15,17.73,CARBOHYD,yes(F),Y,361,no_sequon
EPI_H_2,401,I,N413,20.51,21.36,CARBOHYD,yes(G),N,413,CARBOHYD
EPI_H_2,401,I,N444,18.61,23.43,CARBOHYD,yes(E),N,444,CARBOHYD
EPI_H_2,402,T,N352,17.32,17.58,CARBOHYD,yes(D),N,352,CARBOHYD
EPI_H_2,402,T,N361,13.79,18.95,CARBOHYD,yes(F),Y,361,no_sequon
EPI_H_2,402,T,N413,26.51,27.15,CARBOHYD,yes(G),N,413,CARBOHYD
EPI_H_2,402,T,N444,24.27,29.24,CARBOHYD,yes(E),N,444,CARBOHYD
EPI_H_2,403,G,N352,16.69,17.54,CARBOHYD,yes(D),N,352,CARBOHYD
EPI_H_2,403,G,N361,16.09,21.08,CARBOHYD,yes(F),Y,361,no_sequon
EPI_H_2,403,G,N413,25.61,27.21,CARBOHYD,yes(G),N,413,CARBOHYD
EPI_H_2,403,G,N444,21.98,27.49,CARBOHYD,yes(E),N,444,CARBOHYD
EPI_H_3,416,D,N352,16.9,20.56,CARBOHYD,yes(D),N,352,CARBOHYD
EPI_H_3,416,D,N361,19.23,23.21,CARBOHYD,yes(F),Y,361,no_sequon
EPI_H_3,416,D,N413,6.52,9.12,CARBOHYD,yes(G),N,413,CARBOHYD
EPI_H_3,416,D,N444,6.78,7.78,CARBOHYD,yes(E),N,444,CARBOHYD
EPI_H_3,417,L,N352,14.97,17.99,CARBOHYD,yes(D),N,352,CARBOHYD
EPI_H_3,417,L,N361,16.17,20.43,CARBOHYD,yes(F),Y,361,no_sequon
EPI_H_3,417,L,N413,9.35,12.01,CARBOHYD,yes(G),N,413,CARBOHYD
EPI_H_3,417,L,N444,7.84,11.1,CARBOHYD,yes(E),N,444,CARBOHYD
EPI_H_3,418,H,N352,13.84,18.23,CARBOHYD,yes(D),N,352,CARBOHYD
EPI_H_3,418,H,N361,13.72,17.5,CARBOHYD,yes(F),Y,361,no_sequon
EPI_H_3,418,H,N413,7.5,7.36,CARBOHYD,yes(G),N,413,CARBOHYD
EPI_H_3,418,H,N444,10.81,12.3,CARBOHYD,yes(E),N,444,CARBOHYD
EPI_H_3,419,A,N352,12.13,16.83,CARBOHYD,yes(D),N,352,CARBOHYD
EPI_H_3,419,A,N361,10.85,15.17,CARBOHYD,yes(F),Y,361,no_sequon
EPI_H_3,419,A,N413,11.29,11.19,CARBOHYD,yes(G),N,413,CARBOHYD
EPI_H_3,419,A,N444,13.21,15.48,CARBOHYD,yes(E),N,444,CARBOHYD
EPI_H_3,420,F,N352,10.84,14.67,CARBOHYD,yes(D),N,352,CARBOHYD
EPI_H_3,420,F,N361,12.06,17.04,CARBOHYD,yes(F),Y,361,no_sequon
EPI_H_3,420,F,N413,13.72,13.97,CARBOHYD,yes(G),N,413,CARBOHYD
EPI_H_3,420,F,N444,13.33,17.26,CARBOHYD,yes(E),N,444,CARBOHYD
EPI_H_3,421,E,N352,17.25,21.67,CARBOHYD,yes(D),N,352,CARBOHYD
EPI_H_3,421,E,N361,13.47,16.2,CARBOHYD,yes(F),Y,361,no_sequon
EPI_H_3,421,E,N413,13.31,12.58,CARBOHYD,yes(G),N,413,CARBOHYD
EPI_H_3,421,E,N444,15.59,16.64,CARBOHYD,yes(E),N,444,CARBOHYD
EPI_H_3,422,N,N352,18.72,22.91,CARBOHYD,yes(D),N,352,CARBOHYD
EPI_H_3,422,N,N361,10.74,13.69,CARBOHYD,yes(F),Y,361,no_sequon
EPI_H_3,422,N,N413,17.26,17.08,CARBOHYD,yes(G),N,413,CARBOHYD
EPI_H_3,422,N,N444,18.28,20.12,CARBOHYD,yes(E),N,444,CARBOHYD
EPI_H_3,423,L,N352,16.76,19.82,CARBOHYD,yes(D),N,352,CARBOHYD
EPI_H_3,423,L,N361,12.36,17.3,CARBOHYD,yes(F),Y,361,no_sequon
EPI_H_3,423,L,N413,18.95,19.11,CARBOHYD,yes(G),N,413,CARBOHYD
EPI_H_3,423,L,N444,17.63,21.27,CARBOHYD,yes(E),N,444,CARBOHYD
EPI_H_3,424,E,N352,20.32,23.44,CARBOHYD,yes(D),N,352,CARBOHYD
EPI_H_3,424,E,N361,13.28,17.92,CARBOHYD,yes(F),Y,361,no_sequon
EPI_H_3,424,E,N413,21.98,22.46,CARBOHYD,yes(G),N,413,CARBOHYD
EPI_H_3,424,E,N444,21.44,24.06,CARBOHYD,yes(E),N,444,CARBOHYD
EPI_H_3,425,I,N352,19.12,21.41,CARBOHYD,yes(D),N,352,CARBOHYD
EPI_H_3,425,I,N361,14.35,20.37,CARBOHYD,yes(F),Y,361,no_sequon
EPI_H_3,425,I,N413,23.84,24.72,CARBOHYD,yes(G),N,413,CARBOHYD
EPI_H_3,425,I,N444,22.22,25.58,CARBOHYD,yes(E),N,444,CARBOHYD
EPI_H_3,426,I,N352,17.83,20.11,CARBOHYD,yes(D),N,352,CARBOHYD
EPI_H_3,426,I,N361,16.52,22.39,CARBOHYD,yes(F),Y,361,no_sequon
EPI_H_3,426,I,N413,20.9,22.93,CARBOHYD,yes(G),N,413,CARBOHYD
EPI_H_3,426,I,N444,17.85,22.26,CARBOHYD,yes(E),N,444,CARBOHYD
EPI_H_3,427,R,N352,20.34,21.95,CARBOHYD,yes(D),N,352,CARBOHYD
EPI_H_3,427,R,N361,15.46,21.33,CARBOHYD,yes(F),Y,361,no_sequon
EPI_H_3,427,R,N413,26.66,28.14,CARBOHYD,yes(G),N,413,CARBOHYD
EPI_H_3,427,R,N444,23.67,28.29,CARBOHYD,yes(E),N,444,CARBOHYD
EPI_H_3,428,G,N352,20.35,21.45,CARBOHYD,yes(D),N,352,CARBOHYD
EPI_H_3,428,G,N361,19.33,24.79,CARBOHYD,yes(F),Y,361,no_sequon
EPI_H_3,428,G,N413,27.57,29.36,CARBOHYD,yes(G),N,413,CARBOHYD
EPI_H_3,428,G,N444,23.8,29.04,CARBOHYD,yes(E),N,444,CARBOHYD
EPI_H_3,429,R,N352,21.02,21.13,CARBOHYD,yes(D),N,352,CARBOHYD
EPI_H_3,429,R,N361,17.44,22.33,CARBOHYD,yes(F),Y,361,no_sequon
EPI_H_3,429,R,N413,29.8,31.48,CARBOHYD,yes(G),N,413,CARBOHYD
EPI_H_3,429,R,N444,25.87,31.44,CARBOHYD,yes(E),N,444,CARBOHYD
EPI_H_3,430,T,N352,17.57,17.33,CARBOHYD,yes(D),N,352,CARBOHYD
EPI_H_3,430,T,N361,19.52,23.92,CARBOHYD,yes(F),Y,361,no_sequon
EPI_H_3,430,T,N413,27.57,29.75,CARBOHYD,yes(G),N,413,CARBOHYD
EPI_H_3,430,T,N444,23.37,29.18,CARBOHYD,yes(E),N,444,CARBOHYD
EPI_H_3,431,K,N352,18.51,17.62,CARBOHYD,yes(D),N,352,CARBOHYD
EPI_H_3,431,K,N361,22.73,27.42,CARBOHYD,yes(F),Y,361,no_sequon
EPI_H_3,431,K,N413,27.17,30.19,CARBOHYD,yes(G),N,413,CARBOHYD
EPI_H_3,431,K,N444,22.36,28.37,CARBOHYD,yes(E),N,444,CARBOHYD
EPI_H_4,447,S,N352,20.57,23.61,CARBOHYD,yes(D),N,352,CARBOHYD
EPI_H_4,447,S,N361,22.94,27.13,CARBOHYD,yes(F),Y,361,no_sequon
EPI_H_4,447,S,N413,10.09,13.42,CARBOHYD,yes(G),N,413,CARBOHYD
EPI_H_4,447,S,N444,6.32,7.46,CARBOHYD,yes(E),N,444,CARBOHYD
EPI_H_4,448,L,N352,19.34,22.11,CARBOHYD,yes(D),N,352,CARBOHYD
EPI_H_4,448,L,N361,19.96,24.35,CARBOHYD,yes(F),Y,361,no_sequon
EPI_H_4,448,L,N413,12.44,15.55,CARBOHYD,yes(G),N,413,CARBOHYD
EPI_H_4,448,L,N444,9.09,11.02,CARBOHYD,yes(E),N,444,CARBOHYD
EPI_H_4,449,G,N352,20.21,24.16,CARBOHYD,yes(D),N,352,CARBOHYD
EPI_H_4,449,G,N361,18.21,22.26,CARBOHYD,yes(F),Y,361,no_sequon
EPI_H_4,449,G,N413,12.61,14.99,CARBOHYD,yes(G),N,413,CARBOHYD
EPI_H_4,449,G,N444,10.86,12.38,CARBOHYD,yes(E),N,444,CARBOHYD
EPI_H_4,450,L,N352,17.99,21.45,CARBOHYD,yes(D),N,352,CARBOHYD
EPI_H_4,450,L,N361,17.46,22.33,CARBOHYD,yes(F),Y,361,no_sequon
EPI_H_4,450,L,N413,14.91,16.95,CARBOHYD,yes(G),N,413,CARBOHYD
EPI_H_4,450,L,N444,13.46,15.29,CARBOHYD,yes(E),N,444,CARBOHYD
EPI_H_4,451,R,N352,21.35,25.7,CARBOHYD,yes(D),N,352,CARBOHYD
EPI_H_4,451,R,N361,18.4,21.68,CARBOHYD,yes(F),Y,361,no_sequon
EPI_H_4,451,R,N413,12.35,12.87,CARBOHYD,yes(G),N,413,CARBOHYD
EPI_H_4,451,R,N444,14.08,13.99,CARBOHYD,yes(E),N,444,CARBOHYD
EPI_H_4,452,S,N352,22.45,26.26,CARBOHYD,yes(D),N,352,CARBOHYD
EPI_H_4,452,S,N361,15.48,19.49,CARBOHYD,yes(F),Y,361,no_sequon
EPI_H_4,452,S,N413,19.16,20.07,CARBOHYD,yes(G),N,413,CARBOHYD
EPI_H_4,452,S,N444,18.77,20.28,CARBOHYD,yes(E),N,444,CARBOHYD
EPI_H_4,453,L,N352,21.24,24.04,CARBOHYD,yes(D),N,352,CARBOHYD
EPI_H_4,453,L,N361,17.71,22.7,CARBOHYD,yes(F),Y,361,no_sequon
EPI_H_4,453,L,N413,20.49,21.9,CARBOHYD,yes(G),N,413,CARBOHYD
EPI_H_4,453,L,N444,17.73,20.91,CARBOHYD,yes(E),N,444,CARBOHYD
EPI_H_4,454,K,N352,24.46,27.73,CARBOHYD,yes(D),N,352,CARBOHYD
EPI_H_4,454,K,N361,19.02,24.41,CARBOHYD,yes(F),Y,361,no_sequon
EPI_H_4,454,K,N413,23.71,25.23,CARBOHYD,yes(G),N,413,CARBOHYD
EPI_H_4,454,K,N444,21.81,24.19,CARBOHYD,yes(E),N,444,CARBOHYD
EPI_H_4,455,E,N352,23.03,25.59,CARBOHYD,yes(D),N,352,CARBOHYD
EPI_H_4,455,E,N361,19.04,25.05,CARBOHYD,yes(F),Y,361,no_sequon
EPI_H_4,455,E,N413,25.36,27.19,CARBOHYD,yes(G),N,413,CARBOHYD
EPI_H_4,455,E,N444,22.76,25.98,CARBOHYD,yes(E),N,444,CARBOHYD
EPI_H_4,456,I,N352,22.63,24.44,CARBOHYD,yes(D),N,352,CARBOHYD
EPI_H_4,456,I,N361,21.23,27.16,CARBOHYD,yes(F),Y,361,no_sequon
EPI_H_4,456,I,N413,23.33,26.2,CARBOHYD,yes(G),N,413,CARBOHYD
EPI_H_4,456,I,N444,19.47,23.13,CARBOHYD,yes(E),N,444,CARBOHYD
EPI_H_4,457,S,N352,24.55,26.36,CARBOHYD,yes(D),N,352,CARBOHYD
EPI_H_4,457,S,N361,20.43,26.4,CARBOHYD,yes(F),Y,361,no_sequon
EPI_H_4,457,S,N413,28.51,30.62,CARBOHYD,yes(G),N,413,CARBOHYD
EPI_H_4,457,S,N444,24.98,29.03,CARBOHYD,yes(E),N,444,CARBOHYD
EPI_H_4,458,D,N352,22.97,23.93,CARBOHYD,yes(D),N,352,CARBOHYD
EPI_H_4,458,D,N361,23.08,28.79,CARBOHYD,yes(F),Y,361,no_sequon
EPI_H_4,458,D,N413,27.92,30.53,CARBOHYD,yes(G),N,413,CARBOHYD
EPI_H_4,458,D,N444,23.29,28.33,CARBOHYD,yes(E),N,444,CARBOHYD
EPI_H_4,459,G,N352,23.57,23.95,CARBOHYD,yes(D),N,352,CARBOHYD
EPI_H_4,459,G,N361,25.19,30.68,CARBOHYD,yes(F),Y,361,no_sequon
EPI_H_4,459,G,N413,27.76,30.92,CARBOHYD,yes(G),N,413,CARBOHYD
EPI_H_4,459,G,N444,22.5,27.47,CARBOHYD,yes(E),N,444,CARBOHYD
EPI_H_4,460,D,N352,21.82,22.34,CARBOHYD,yes(D),N,352,CARBOHYD
EPI_H_4,460,D,N361,25.07,30.6,CARBOHYD,yes(F),Y,361,no_sequon
EPI_H_4,460,D,N413,24.77,28.31,CARBOHYD,yes(G),N,413,CARBOHYD
EPI_H_4,460,D,N444,19.18,24.65,CARBOHYD,yes(E),N,444,CARBOHYD
