uniprot_pos,label_seq_id,residue,ss,sasa_A_only,rel_sasa,sasa_occluded_by_glycan,sasa_occluded_by_fab,dist_fab_min_heavy_A,dist_glycan_min_heavy_A,closest_glycan_chain,dist_glycan_D,dist_glycan_E,dist_glycan_F,dist_glycan_G,dist_glycan_H,fab_closest_atom_pair
310,286,A,coil,74.0,0.574,0.0,0.0,41.73,15.54,F,28.72,46.95,15.54,39.19,71.22,ALA310.CB-CTYR.OH
311,287,C,coil,32.5,0.194,0.0,0.0,40.19,12.56,F,28.1,43.88,12.56,36.02,68.44,CYS311.O-CTYR.OH
312,288,G,coil,45.7,0.439,0.0,0.0,38.41,9.76,F,27.29,41.28,9.76,33.36,65.96,GLY312.O-CTYR.OH
313,289,A,coil,88.0,0.682,0.0,0.0,35.96,6.38,F,25.5,37.68,6.38,29.67,62.51,ALA313.O-CTYR.OH
314,290,D,coil,118.8,0.615,10.7,0.0,37.66,5.23,F,27.26,37.01,5.23,28.48,62.31,ASP314.OD1-CTYR.OH
315,291,S,coil,24.9,0.161,0.0,0.0,37.14,9.41,F,27.68,39.83,9.41,31.9,64.55,SER315.O-CTYR.OH
316,292,Y,coil,99.4,0.378,0.0,0.0,35.7,12.39,F,28.3,39.28,12.39,33.09,63.9,TYR316.CB-CTYR.OH
317,293,E,coil,86.5,0.388,0.0,0.0,37.48,15.49,F,29.76,42.76,15.49,36.23,66.84,GLU317.O-CTYR.OH
318,294,M,coil,51.0,0.228,0.0,0.0,39.65,18.83,F,32.76,44.38,18.83,38.96,68.56,MET318.CB-CTYR.OH
319,295,E,coil,123.9,0.555,0.0,0.0,41.23,22.27,F,35.49,46.92,22.27,41.71,70.83,GLU319.N-CTYR.OH
320,296,E,coil,77.1,0.346,0.0,0.0,44.46,23.58,F,38.92,48.32,23.58,43.03,73.08,GLU320.N-CTYR.OH
321,297,D,coil,162.1,0.84,0.0,0.0,47.08,27.98,F,42.22,52.09,27.98,47.35,76.18,ASP321.N-CTYR.OH
322,298,G,coil,45.3,0.436,0.0,0.0,47.46,28.12,F,40.83,53.61,28.12,48.72,77.43,GLY322.O-CTYR.OH
323,299,V,coil,15.1,0.087,0.0,0.0,46.09,24.71,F,39.33,51.31,24.71,45.56,75.52,VAL323.O-CTYR.OH
324,300,R,coil,103.9,0.379,0.0,0.0,41.81,21.98,F,32.54,50.02,21.98,43.68,73.09,ARG324.NH1-CTYR.OH
325,301,K,coil,50.4,0.214,0.0,0.0,42.03,18.59,F,34.3,46.31,18.59,39.87,70.75,LYS325.O-CTYR.OH
326,302,C,coil,7.6,0.046,0.0,0.0,42.38,16.09,F,33.15,44.98,16.09,38.08,69.85,CYS326.C-CTYR.OH
327,303,K,coil,67.9,0.288,0.0,0.0,38.95,13.41,F,31.39,40.98,13.41,34.16,65.88,LYS327.O-CTYR.OH
328,304,K,coil,147.5,0.625,0.0,0.0,38.3,12.12,F,31.21,38.8,12.12,32.01,64.01,LYS328.C-CTYR.OH
329,305,C,coil,24.3,0.146,0.0,0.0,34.71,9.87,F,27.0,35.63,9.87,28.77,60.94,CYS329.SG-CTYR.OH
330,306,E,coil,192.7,0.864,0.0,0.0,34.31,11.35,F,29.29,32.99,11.35,26.61,58.45,GLU330.C-CTYR.OH
331,307,G,coil,41.7,0.401,0.0,0.0,32.06,8.69,F,26.11,31.28,8.69,24.93,56.5,GLY331.C-CTYR.OH
332,308,P,coil,61.3,0.386,0.0,0.0,28.68,7.13,F,22.57,29.09,7.13,22.31,53.81,PRO332.CG-CTYR.OH
333,309,C,coil,37.5,0.224,0.0,0.0,29.33,7.58,F,21.35,33.05,7.58,26.11,56.99,CYS333.O-CTYR.OH
334,310,R,coil,173.8,0.634,0.0,0.0,25.83,9.88,F,20.85,33.91,9.88,27.79,57.06,ARG334.NH2-CTYR.OH
335,311,K,coil,94.9,0.402,11.3,0.0,24.78,4.27,F,15.95,31.35,4.27,25.17,54.27,LYS335.O-CTYR.OH
336,312,V,coil,83.6,0.481,0.0,0.0,23.25,10.19,F,15.18,32.73,10.19,27.47,54.91,VAL336.CG2-CTYR.OH
337,313,C,coil,11.6,0.069,0.0,0.0,20.31,8.84,F,11.87,29.94,8.84,24.44,51.9,CYS337.O-CTYR.OH
338,314,N,coil,54.3,0.278,0.0,0.0,18.67,9.8,D,9.8,29.15,12.97,25.29,50.06,ASN338.O-CTYR.OH
339,315,G,coil,0.0,0.0,0.0,0.0,15.9,8.4,D,8.4,28.5,15.8,25.75,48.08,GLY339.C-CTYR.OH
340,316,I,coil,12.1,0.061,0.0,0.0,12.58,6.6,D,6.6,24.64,15.91,22.49,44.06,ILE340.CG2-CTYR.OH
341,317,G,coil,31.6,0.303,0.0,0.0,14.51,7.6,D,7.6,28.77,18.77,26.99,47.28,GLY341.CA-CASP.OD1
342,318,I,helix,85.5,0.434,0.0,0.0,16.65,7.72,D,7.72,31.22,16.27,28.47,49.82,ILE342.N-CASP.OD1
343,319,G,helix,40.4,0.389,0.0,0.0,20.1,7.39,D,7.39,33.59,16.01,30.07,52.97,GLY343.N-CASP.OD1
344,320,E,helix,109.0,0.489,25.0,0.0,19.98,4.46,D,4.46,31.23,11.19,26.83,50.98,GLU344.O-CTHR.CB
345,321,F,helix,3.8,0.016,2.5,0.0,16.24,4.31,D,4.31,27.73,11.21,23.5,48.06,PHE345.O-CASP.OD1
346,322,K,helix,139.2,0.59,14.3,0.0,16.22,4.24,D,4.24,31.12,17.8,28.8,49.33,LYS346.C-CTHR.OG1
347,323,D,coil,142.8,0.74,86.5,0.0,12.53,3.29,D,3.29,28.62,21.02,27.31,45.62,ASP347.O-CTHR.CG2
348,324,S,coil,26.0,0.168,20.1,0.0,12.58,3.38,D,3.38,26.14,17.55,24.55,44.1,SER348.C-CTHR.CB
349,325,L,coil,120.4,0.599,17.5,0.0,7.35,3.62,D,3.62,22.83,20.96,22.74,39.54,LEU349.CD2-CTHR.CG2
350,326,S,coil,1.2,0.008,1.2,0.0,9.13,3.38,D,3.38,19.28,17.39,18.61,38.71,SER350.CB-CGLY.O
351,327,I,coil,1.2,0.006,0.0,0.0,11.42,5.51,D,5.51,19.09,14.4,16.91,39.75,ILE351.O-CGLY.O
352,328,N,coil,22.0,0.113,19.5,0.0,11.97,1.44,D,1.44,20.25,14.26,16.66,40.85,ASN352.CB-CGLY.O
353,329,A,coil,18.3,0.142,0.0,0.0,14.11,5.8,D,5.8,20.27,13.3,15.17,41.35,ALA353.N-CGLY.O
354,330,T,helix,74.4,0.433,23.9,0.0,16.31,3.85,D,3.85,23.02,11.6,18.09,44.02,THR354.N-CGLY.O
355,331,N,helix,11.2,0.058,11.2,0.0,14.77,3.25,D,3.25,23.08,10.09,19.47,44.34,ASN355.ND2-CGLY.O
356,332,I,helix,0.0,0.0,0.0,0.0,17.41,6.42,D,6.42,20.03,8.54,15.02,43.28,ILE356.CD1-CGLY.O
357,333,K,helix,142.8,0.605,1.2,0.0,20.27,5.47,F,8.41,24.3,5.47,18.62,47.26,LYS357.N-CGLY.O
358,334,H,helix,115.6,0.516,1.2,0.0,21.67,6.02,D,6.02,26.73,6.58,20.91,49.69,HIS358.CD2-CGLY.O
359,335,F,helix,0.0,0.0,0.0,0.0,17.69,6.72,F,7.39,24.41,6.72,19.14,46.62,PHE359.CZ-CTYR.OH
360,336,K,helix,119.6,0.507,23.7,0.0,23.97,3.66,F,12.33,25.14,3.66,16.86,50.29,LYS360.N-CGLY.O
361,337,N,coil,82.5,0.423,53.5,0.0,25.91,1.44,F,15.77,27.39,1.44,20.21,51.86,ASN361.C-CTYR.OH
362,338,C,coil,0.0,0.0,0.0,0.0,22.61,6.91,F,12.91,26.98,6.91,20.94,50.47,CYS362.CB-CTYR.OH
363,339,T,coil,7.1,0.041,0.0,0.0,22.3,9.57,F,17.33,28.1,9.57,23.19,51.02,THR363.O-CTYR.OH
364,340,S,coil,3.6,0.023,0.0,0.0,20.92,12.07,F,15.58,29.66,12.07,24.58,51.46,SER364.C-CTYR.OH
365,341,I,coil,0.0,0.0,0.0,0.0,16.77,12.54,F,12.76,26.46,12.54,22.34,48.02,ILE365.CG2-CTYR.OH
366,342,S,coil,52.3,0.337,0.0,0.0,18.14,13.6,D,13.6,30.82,15.34,27.05,51.15,SER366.C-CTYR.OH
367,343,G,coil,11.3,0.108,0.0,0.0,14.64,14.01,D,14.01,28.13,18.23,25.99,47.53,GLY367.C-CTYR.OH
368,344,D,coil,22.5,0.117,0.0,0.0,11.21,11.19,D,11.19,25.85,17.88,24.01,44.71,ASP368.CB-CTYR.OH
369,345,L,coil,0.0,0.0,0.0,0.0,9.4,10.84,D,10.84,22.02,15.55,19.08,40.86,LEU369.O-CTYR.OH
370,346,H,coil,34.6,0.155,0.0,0.0,7.82,7.71,D,7.71,20.13,18.83,19.12,39.33,HIS370.CD2-CTYR.OH
371,347,I,coil,1.3,0.006,0.0,0.0,7.92,8.79,D,8.79,15.76,18.48,14.99,35.08,ILE371.O-CGLY.CA
372,348,L,helix,20.1,0.1,0.0,2.5,5.63,6.49,D,6.49,15.51,22.07,16.04,34.13,LEU372.CB-CGLY.CA
373,349,P,helix,46.5,0.292,0.0,39.0,3.42,8.02,D,8.02,14.27,24.69,15.08,30.86,PRO373.CB-CGLY.O
374,350,V,helix,35.0,0.201,12.6,2.5,4.47,3.85,D,3.85,16.32,22.89,16.39,33.74,VAL374.N-CGLY.O
375,351,A,helix,1.2,0.009,0.0,0.0,7.17,5.99,D,5.99,15.71,20.07,13.56,35.54,ALA375.N-CGLY.O
376,352,F,helix,53.8,0.224,0.0,0.0,8.68,8.31,D,8.31,12.0,20.6,10.32,32.62,PHE376.N-CGLY.O
377,353,R,helix,170.7,0.623,0.0,30.4,3.61,8.16,D,8.16,14.12,24.27,13.35,30.12,ARG377.NH2-CGLY.O
378,354,G,helix,16.8,0.162,0.0,0.0,8.72,6.45,D,6.45,16.65,23.32,14.8,34.92,GLY378.O-CGLY.O
379,355,D,coil,31.1,0.161,8.5,0.0,8.77,3.56,D,3.56,20.14,23.81,17.99,37.46,ASP379.OD1-CGLY.O
380,356,S,coil,85.8,0.553,0.0,0.0,11.42,7.09,D,7.09,22.67,26.24,20.83,37.61,SER380.OG-CLYS.O
381,357,F,coil,177.0,0.737,3.6,0.0,7.6,5.72,D,5.72,24.83,26.08,23.61,37.25,PHE381.CZ-CSER.OG
382,358,T,coil,79.1,0.46,44.8,0.0,11.89,3.21,D,3.21,24.4,21.89,22.09,41.7,THR382.CG2-CASN.ND2
383,359,H,coil,163.9,0.732,0.0,0.0,14.84,6.57,D,6.57,25.19,21.34,21.24,42.84,HIS383.N-CASN.ND2
384,360,T,coil,21.0,0.122,8.7,0.0,12.58,3.54,D,3.54,21.2,18.87,17.81,39.49,THR384.OG1-CGLY.O
385,361,P,coil,69.1,0.434,0.0,0.0,13.44,7.43,D,7.43,19.33,19.01,14.92,38.92,PRO385.O-CGLY.O
386,362,P,coil,79.4,0.499,0.0,0.0,12.92,9.57,D,9.57,15.97,19.18,11.77,35.81,PRO386.CA-CGLY.O
387,363,L,coil,10.8,0.054,0.0,0.0,13.07,9.18,D,9.18,14.2,15.45,9.26,36.28,LEU387.N-CGLY.O
388,364,D,helix,84.8,0.44,0.0,0.0,15.95,6.83,G,11.92,14.22,16.37,6.83,38.01,ASP388.N-CGLY.O
389,365,P,helix,48.9,0.308,0.0,0.0,14.1,6.55,G,14.1,10.92,17.09,6.55,34.53,PRO389.CG-CASN.CB
390,366,Q,helix,136.7,0.607,0.0,0.0,17.8,7.1,G,15.9,13.64,14.58,7.1,38.31,GLN390.N-CASN.CB
391,367,E,helix,66.9,0.3,0.0,0.0,18.71,9.47,G,11.45,16.26,11.27,9.47,40.81,GLU391.CB-CGLY.O
392,368,L,helix,1.3,0.006,0.0,0.0,13.84,10.16,G,11.91,13.53,13.75,10.16,37.12,LEU392.CD1-CASN.ND2
393,369,D,helix,70.9,0.367,0.0,0.0,19.67,8.03,G,16.03,15.58,11.12,8.03,40.88,ASP393.N-CASN.ND2
394,370,I,helix,28.6,0.145,0.0,0.0,21.4,8.36,F,12.75,19.83,8.36,12.84,44.58,ILE394.N-CASN.ND2
395,371,L,helix,0.0,0.0,0.0,0.0,16.76,11.45,F,12.46,19.2,11.45,14.58,42.21,LEU395.CD1-CTYR.OH
396,372,K,helix,59.9,0.254,0.0,0.0,21.67,10.55,G,17.54,16.98,11.67,10.55,42.18,LYS396.N-CTYR.OH
397,373,T,helix,28.9,0.168,0.0,0.0,23.12,7.77,F,17.24,23.63,7.77,17.11,47.8,THR397.C-CTYR.OH
398,374,V,helix,0.0,0.0,0.0,0.0,18.72,11.72,F,15.53,23.54,11.72,19.01,46.94,VAL398.CG1-CTYR.OH
399,375,K,coil,62.0,0.263,0.0,0.0,20.76,12.24,F,19.81,25.75,12.24,21.7,48.78,LYS399.O-CTYR.OH
400,376,E,coil,33.4,0.15,0.0,0.0,18.82,15.94,F,17.83,26.87,15.94,23.72,49.0,GLU400.C-CTYR.OH
401,377,I,coil,0.0,0.0,0.0,0.0,14.27,16.47,D,16.47,23.43,17.73,21.36,44.24,ILE401.CG2-CTYR.OH
402,378,T,coil,17.0,0.099,0.0,0.0,15.99,17.58,D,17.58,29.24,18.95,27.15,48.67,THR402.O-CTYR.OH
403,379,G,coil,0.0,0.0,0.0,0.0,12.77,17.54,D,17.54,27.49,21.08,27.21,45.56,GLY403.C-CTYR.OH
404,380,F,coil,8.8,0.037,0.0,0.0,7.43,13.25,D,13.25,24.24,21.29,23.83,41.14,PHE404.CE1-CTYR.OH
405,381,L,coil,2.5,0.013,0.0,0.0,7.91,14.96,D,14.96,19.46,20.02,19.2,38.67,LEU405.O-CTYR.OH
406,382,L,coil,6.3,0.031,0.0,1.3,3.55,11.39,D,11.39,18.64,22.31,19.4,35.77,LEU406.CD1-CTYR.OH
407,383,I,coil,0.0,0.0,0.0,0.0,6.99,13.31,D,13.31,14.21,22.22,15.58,32.75,ILE407.N-CTYR.OH
408,384,Q,coil,78.3,0.348,0.0,64.0,3.43,11.93,D,11.93,13.15,25.11,16.66,30.13,GLN408.O-CASN.ND2
409,385,A,coil,12.6,0.098,0.0,0.0,5.63,11.37,D,11.37,11.93,22.87,13.43,31.46,ALA409.N-CASN.ND2
410,386,W,coil,19.1,0.067,0.0,0.0,7.55,8.15,E,13.94,8.15,19.53,9.56,29.95,TRP410.N-CASN.ND2
411,387,P,coil,12.6,0.079,0.0,0.0,10.75,6.33,E,15.17,6.33,21.52,6.66,30.18,PRO411.N-CASN.ND2
412,388,E,coil,136.7,0.613,30.2,0.0,7.83,3.26,E,18.11,3.26,26.26,6.92,23.57,GLU412.OE1-CASP.OD1
413,389,N,coil,137.7,0.706,75.7,0.0,13.27,1.44,G,20.76,3.51,25.04,1.44,28.74,ASN413.N-CASP.OD1
414,390,R,coil,93.3,0.34,22.4,0.0,13.87,3.99,G,19.65,5.78,19.84,3.99,30.68,ARG414.O-CASN.ND2
415,391,T,coil,78.7,0.457,12.6,0.0,14.34,4.44,E,23.09,4.44,26.16,7.7,30.28,THR415.O-BTRP.CB
416,392,D,coil,24.9,0.129,0.0,0.0,15.07,7.78,E,20.56,7.78,23.21,9.12,32.71,ASP416.O-CASN.ND2
417,393,L,helix,1.3,0.006,0.0,0.0,12.16,11.1,E,17.99,11.1,20.43,12.01,34.06,LEU417.CD2-CASN.ND2
418,394,H,helix,5.0,0.022,0.0,0.0,16.41,7.36,G,18.23,12.3,17.5,7.36,36.89,HIS418.CE1-CASN.ND2
419,395,A,helix,0.0,0.0,0.0,0.0,17.46,11.19,G,16.83,15.48,15.17,11.19,39.6,ALA419.CB-CASN.ND2
420,396,F,helix,1.3,0.005,0.0,0.0,14.13,13.97,G,14.67,17.26,17.04,13.97,39.62,PHE420.CE1-CTYR.OH
421,397,E,helix,47.6,0.213,0.0,0.0,19.92,12.58,G,21.67,16.64,16.2,12.58,42.0,GLU421.N-CTYR.OH
422,398,N,coil,75.0,0.385,0.0,0.0,21.73,13.69,F,22.91,20.12,13.69,17.08,44.63,ASN422.N-CTYR.OH
423,399,L,coil,0.0,0.0,0.0,0.0,15.9,17.3,F,19.82,21.27,17.3,19.11,43.18,LEU423.CD2-CTYR.OH
424,400,E,coil,101.9,0.457,0.0,0.0,20.2,17.92,F,23.44,24.06,17.92,22.46,47.16,GLU424.O-CTYR.CE2
425,401,I,coil,18.9,0.096,0.0,0.0,17.86,20.37,F,21.41,25.58,20.37,24.72,47.19,ILE425.O-CTYR.OH
426,402,I,coil,0.0,0.0,0.0,0.0,13.31,20.11,D,20.11,22.26,22.39,22.93,42.4,ILE426.CD1-CTYR.CE2
427,403,R,coil,68.4,0.25,0.0,0.0,15.85,21.33,F,21.95,28.29,21.33,28.14,47.54,ARG427.C-CTYR.CE2
428,404,G,coil,0.0,0.0,0.0,0.0,13.86,21.45,D,21.45,29.04,24.79,29.36,46.17,GLY428.CA-CTYR.CE2
429,405,R,coil,170.0,0.621,0.0,0.0,15.39,21.13,D,21.13,31.44,22.33,31.48,48.29,ARG429.O-CTYR.CE2
430,406,T,coil,66.3,0.386,0.0,0.0,11.98,17.33,D,17.33,29.18,23.92,29.75,45.41,THR430.O-CTYR.OH
431,407,K,helix,52.3,0.222,0.0,0.0,9.11,17.62,D,17.62,28.37,27.42,30.19,42.69,LYS431.C-CTYR.OH
432,408,Q,helix,37.1,0.165,0.0,13.4,2.6,14.04,D,14.04,22.66,27.41,25.44,36.3,GLN432.NE2-CTYR.OH
433,409,H,helix,151.4,0.676,0.0,73.4,3.47,16.19,D,16.19,25.63,30.18,29.29,36.51,HIS433.ND1-CTYR.OH
434,410,G,helix,60.8,0.585,0.0,0.0,7.15,18.34,D,18.34,30.17,31.21,32.92,42.28,GLY434.N-CTYR.CE2
435,411,Q,coil,89.8,0.399,0.0,16.7,3.88,20.84,D,20.84,27.72,31.69,31.21,37.06,GLN435.OE1-CTYR.CD2
436,412,F,coil,31.4,0.131,0.0,23.9,3.85,18.55,D,18.55,24.17,27.89,27.82,35.02,PHE436.CE2-CTYR.CE2
437,413,S,coil,0.0,0.0,0.0,0.0,8.59,18.77,D,18.77,23.75,25.25,25.06,40.59,SER437.N-CTYR.CE2
438,414,L,coil,0.0,0.0,0.0,0.0,6.9,19.02,D,19.02,19.27,25.2,21.58,36.59,LEU438.O-CTYR.CE2
439,415,A,coil,6.3,0.049,0.0,5.0,4.13,16.14,D,16.14,17.63,26.37,20.77,34.59,ALA439.CB-CTYR.CE2
440,416,V,coil,1.3,0.007,0.0,0.0,6.4,13.47,E,17.99,13.47,26.6,17.97,30.7,VAL440.N-CTYR.CE2
441,417,V,coil,39.0,0.224,0.0,39.0,3.59,12.89,E,16.56,12.89,28.92,18.02,28.49,VAL441.CG2-CTYR.CD1
442,418,S,coil,65.0,0.42,0.0,46.0,3.26,10.26,E,17.54,10.26,30.25,16.2,25.49,SER442.OG-CASN.ND2
443,419,L,coil,3.8,0.019,0.0,0.0,6.13,7.12,E,15.83,7.12,26.37,13.95,25.53,LEU443.CD2-CASN.ND2
444,420,N,coil,47.1,0.241,31.5,0.0,7.65,1.44,E,19.97,1.44,29.69,10.28,23.29,ASN444.OD1-CASP.OD1
445,421,I,coil,0.0,0.0,0.0,0.0,9.79,5.75,E,20.32,5.75,26.58,12.1,27.13,ILE445.O-BTRP.CB
446,422,T,coil,32.1,0.187,16.4,0.0,11.49,3.25,E,24.53,3.25,29.99,12.1,26.92,THR446.CA-BTRP.CB
447,423,S,coil,10.7,0.069,0.0,0.0,12.96,7.46,E,23.61,7.46,27.13,13.42,30.61,SER447.N-BTRP.CB
448,424,L,coil,3.7,0.018,0.0,0.0,12.61,11.02,E,22.11,11.02,24.35,15.55,33.44,LEU448.CD2-CTYR.CD2
449,425,G,coil,1.3,0.012,0.0,0.0,17.28,12.38,E,24.16,12.38,22.26,14.99,36.01,GLY449.N-BASN.O
450,426,L,coil,2.5,0.013,0.0,0.0,14.48,15.29,E,21.45,15.29,22.33,16.95,38.6,LEU450.CD1-CTYR.CE2
451,427,R,coil,35.4,0.129,0.0,0.0,20.74,12.87,G,25.7,13.99,21.68,12.87,39.16,ARG451.N-CTYR.CE2
452,428,S,coil,29.7,0.192,0.0,0.0,21.38,19.49,F,26.26,20.28,19.49,20.07,44.14,SER452.C-CTYR.CE2
453,429,L,coil,5.9,0.03,0.0,0.0,15.56,20.91,E,24.04,20.91,22.7,21.9,41.81,LEU453.CD2-CTYR.CE2
454,430,K,coil,117.7,0.499,0.0,0.0,20.51,24.19,E,27.73,24.19,24.41,25.23,46.2,LYS454.N-CTYR.CE2
455,431,E,coil,78.8,0.353,0.0,0.0,17.76,25.05,F,25.59,25.98,25.05,27.19,46.34,GLU455.O-CTYR.CE2
456,432,I,coil,0.0,0.0,0.0,0.0,13.81,23.13,E,24.44,23.13,27.16,26.2,41.6,ILE456.CG2-CTYR.CE2
457,433,S,coil,27.0,0.174,0.0,0.0,17.16,26.36,D,26.36,29.03,26.4,30.62,47.21,SER457.C-CTYR.CE2
458,434,D,coil,53.7,0.278,0.0,0.0,13.28,23.93,D,23.93,28.33,28.79,30.53,44.37,ASP458.O-CTYR.CE2
459,435,G,coil,5.0,0.048,0.0,0.0,11.39,23.95,D,23.95,27.47,30.68,30.92,41.93,GLY459.C-CTYR.CE2
460,436,D,coil,38.3,0.199,0.0,0.0,8.57,22.34,D,22.34,24.65,30.6,28.31,38.75,ASP460.O-CTYR.CE2
461,437,V,coil,2.4,0.014,0.0,0.0,7.67,20.56,E,23.33,20.56,30.15,25.38,35.1,VAL461.C-CTYR.CD2
462,438,I,coil,25.2,0.128,0.0,25.2,3.45,18.45,E,20.34,18.45,30.69,23.67,31.53,ILE462.CD1-CTYR.CB
463,439,I,coil,0.0,0.0,0.0,0.0,6.42,14.77,E,22.32,14.77,30.17,21.69,28.91,ILE463.C-CTYR.O
464,440,S,coil,33.5,0.216,0.0,33.5,2.74,13.67,E,20.98,13.67,32.94,20.86,26.23,SER464.OG-CTYR.OH
465,441,G,coil,27.0,0.259,0.0,27.0,3.3,10.74,E,22.13,10.74,34.36,19.08,23.85,GLY465.N-CTYR.OH
466,442,N,coil,0.0,0.0,0.0,0.0,4.91,9.37,E,20.24,9.37,30.51,17.19,24.25,ASN466.N-BTRP.CD1
467,443,K,coil,124.4,0.527,0.0,63.8,3.39,7.08,E,22.45,7.08,34.35,15.83,19.77,LYS467.CE-CASP.OD1
468,444,N,coil,38.2,0.196,10.8,0.0,6.22,3.65,E,25.3,3.65,34.01,14.01,21.99,ASN468.N-BTRP.CB
469,445,L,coil,2.4,0.012,0.0,0.0,7.63,7.79,E,24.02,7.79,30.63,16.94,25.99,LEU469.N-BTRP.CB
470,446,C,coil,3.6,0.021,0.0,0.0,9.75,9.35,E,28.16,9.35,33.74,18.47,26.86,CYS470.SG-BASN.OD1
471,447,Y,helix,9.6,0.037,0.0,0.0,10.7,9.73,E,29.47,9.73,32.29,17.18,31.02,TYR471.N-BASN.O
472,448,A,helix,6.2,0.048,0.0,0.0,9.35,13.97,E,27.36,13.97,33.1,21.5,32.01,ALA472.CB-BASN.O
473,449,N,helix,62.0,0.318,0.0,0.0,7.44,15.12,E,30.46,15.12,35.41,24.18,29.89,ASN473.CB-BASN.OD1
474,450,T,helix,53.2,0.309,0.0,0.0,10.52,16.91,E,32.9,16.91,34.61,23.8,34.23,THR474.N-BASN.OD1
475,451,I,helix,12.0,0.061,0.0,0.0,12.25,16.82,E,29.03,16.82,31.28,22.54,36.51,ILE475.O-BASN.OD1
476,452,N,helix,80.5,0.413,0.0,0.0,14.48,22.43,E,32.62,22.43,33.95,28.27,39.67,ASN476.N-BASN.OD1
477,453,W,helix,15.0,0.053,0.0,0.0,11.28,18.4,E,25.66,18.4,29.64,23.62,36.08,TRP477.NE1-BASN.ND2
478,454,K,helix,162.7,0.69,0.0,0.0,12.63,26.19,E,32.44,26.19,34.98,31.57,41.82,LYS478.NZ-BTHR.OG1
479,455,K,helix,122.1,0.518,0.0,0.0,17.24,27.14,E,32.56,27.14,32.09,31.11,44.23,LYS479.N-BTHR.OG1
480,456,L,helix,12.5,0.062,0.0,0.0,16.83,22.46,E,27.72,22.46,28.55,26.08,41.8,LEU480.CD1-CTYR.CD2
481,457,F,helix,27.7,0.115,0.0,0.0,13.54,25.69,E,27.48,25.69,31.77,30.31,40.5,PHE481.CZ-BTYR.OH
