human_uniprot_pos,human_aa,construct_pos,mouse_uniprot_pos,mouse_aa,class
25,L,1,25,L,identical
26,E,2,26,E,identical
27,E,3,27,E,identical
28,K,4,28,K,identical
29,K,5,29,K,identical
30,V,6,30,V,identical
31,C,7,31,C,identical
32,Q,8,32,Q,identical
33,G,9,33,G,identical
34,T,10,34,T,identical
35,S,11,35,S,identical
36,N,12,36,N,identical
37,K,13,37,R,conservative
38,L,14,38,L,identical
39,T,15,39,T,identical
40,Q,16,40,Q,identical
41,L,17,41,L,identical
42,G,18,42,G,identical
43,T,19,43,T,identical
44,F,20,44,F,identical
45,E,21,45,E,identical
46,D,22,46,D,identical
47,H,23,47,H,identical
48,F,24,48,F,identical
49,L,25,49,L,identical
50,S,26,50,S,identical
51,L,27,51,L,identical
52,Q,28,52,Q,identical
53,R,29,53,R,identical
54,M,30,54,M,identical
55,F,31,55,Y,conservative
56,N,32,56,N,identical
57,N,33,57,N,identical
58,C,34,58,C,identical
59,E,35,59,E,identical
60,V,36,60,V,identical
61,V,37,61,V,identical
62,L,38,62,L,identical
63,G,39,63,G,identical
64,N,40,64,N,identical
65,L,41,65,L,identical
66,E,42,66,E,identical
67,I,43,67,I,identical
68,T,44,68,T,identical
69,Y,45,69,Y,identical
70,V,46,70,V,identical
71,Q,47,71,Q,identical
72,R,48,72,R,identical
73,N,49,73,N,identical
74,Y,50,74,Y,identical
75,D,51,75,D,identical
76,L,52,76,L,identical
77,S,53,77,S,identical
78,F,54,78,F,identical
79,L,55,79,L,identical
80,K,56,80,K,identical
81,T,57,81,T,identical
82,I,58,82,I,identical
83,Q,59,83,Q,identical
84,E,60,84,E,identical
85,V,61,85,V,identical
86,A,62,86,A,identical
87,G,63,87,G,identical
88,Y,64,88,Y,identical
89,V,65,89,V,identical
90,L,66,90,L,identical
91,I,67,91,I,identical
92,A,68,92,A,identical
93,L,69,93,L,identical
94,N,70,94,N,identical
95,T,71,95,T,identical
96,V,72,96,V,identical
97,E,73,97,E,identical
98,R,74,98,R,identical
99,I,75,99,I,identical
100,P,76,100,P,identical
101,L,77,101,L,identical
102,E,78,102,E,identical
103,N,79,103,N,identical
104,L,80,104,L,identical
105,Q,81,105,Q,identical
106,I,82,106,I,identical
107,I,83,107,I,identical
108,R,84,108,R,identical
109,G,85,109,G,identical
110,N,86,110,N,identical
111,M,87,111,A,nonconservative
112,Y,88,112,L,nonconservative
113,Y,89,113,Y,identical
114,E,90,114,E,identical
115,N,91,115,N,identical
116,S,92,116,T,conservative
117,Y,93,117,Y,identical
118,A,94,118,A,identical
119,L,95,119,L,identical
120,A,96,120,A,identical
121,V,97,121,I,conservative
122,L,98,122,L,identical
123,S,99,123,S,identical
124,N,100,124,N,identical
125,Y,101,125,Y,identical
126,D,102,126,G,nonconservative
127,A,103,127,T,nonconservative
128,N,104,128,N,identical
129,K,105,129,R,conservative
130,T,106,130,T,identical
131,G,107,131,G,identical
132,L,108,132,L,identical
133,K,109,133,R,conservative
134,E,110,134,E,identical
135,L,111,135,L,identical
136,P,112,136,P,identical
137,M,113,137,M,identical
138,R,114,138,R,identical
139,N,115,139,N,identical
140,L,116,140,L,identical
141,Q,117,141,Q,identical
142,E,118,142,E,identical
143,I,119,143,I,identical
144,L,120,144,L,identical
145,H,121,145,I,nonconservative
146,G,122,146,G,identical
147,A,123,147,A,identical
148,V,124,148,V,identical
149,R,125,149,R,identical
150,F,126,150,F,identical
151,S,127,151,S,identical
152,N,128,152,N,identical
153,N,129,153,N,identical
154,P,130,154,P,identical
155,A,131,155,I,nonconservative
156,L,132,156,L,identical
157,C,133,157,C,identical
158,N,134,158,N,identical
159,V,135,159,M,conservative
160,E,136,160,D,conservative
161,S,137,161,T,conservative
162,I,138,162,I,identical
163,Q,139,163,Q,identical
164,W,140,164,W,identical
165,R,141,165,R,identical
166,D,142,166,D,identical
167,I,143,167,I,identical
168,V,144,168,V,identical
169,S,145,169,Q,nonconservative
170,S,146,170,N,conservative
171,D,147,171,V,nonconservative
172,F,148,172,F,identical
173,L,149,173,M,conservative
174,S,150,174,S,identical
175,N,151,175,N,identical
176,M,152,176,M,identical
177,S,153,177,S,identical
178,M,154,178,M,identical
179,D,155,179,D,identical
180,F,156,180,L,nonconservative
181,Q,157,181,Q,identical
182,N,158,182,S,conservative
183,H,159,183,H,identical
184,L,160,184,P,nonconservative
185,G,161,185,S,nonconservative
186,S,162,186,S,identical
187,C,163,187,C,identical
188,Q,164,188,P,nonconservative
189,K,165,189,K,identical
190,C,166,190,C,identical
191,D,167,191,D,identical
192,P,168,192,P,identical
193,S,169,193,S,identical
194,C,170,194,C,identical
195,P,171,195,P,identical
196,N,172,196,N,identical
197,G,173,197,G,identical
198,S,174,198,S,identical
199,C,175,199,C,identical
200,W,176,200,W,identical
201,G,177,201,G,identical
202,A,178,202,G,nonconservative
203,G,179,203,G,identical
204,E,180,204,E,identical
205,E,181,205,E,identical
206,N,182,206,N,identical
207,C,183,207,C,identical
208,Q,184,208,Q,identical
209,K,185,209,K,identical
210,L,186,210,L,identical
211,T,187,211,T,identical
212,K,188,212,K,identical
213,I,189,213,I,identical
214,I,190,214,I,identical
215,C,191,215,C,identical
216,A,192,216,A,identical
217,Q,193,217,Q,identical
218,Q,194,218,Q,identical
219,C,195,219,C,identical
220,S,196,220,S,identical
221,G,197,221,H,nonconservative
222,R,198,222,R,identical
223,C,199,223,C,identical
224,R,200,224,R,identical
225,G,201,225,G,identical
226,K,202,226,R,conservative
227,S,203,227,S,identical
228,P,204,228,P,identical
229,S,205,229,S,identical
230,D,206,230,D,identical
231,C,207,231,C,identical
232,C,208,232,C,identical
233,H,209,233,H,identical
234,N,210,234,N,identical
235,Q,211,235,Q,identical
236,C,212,236,C,identical
237,A,213,237,A,identical
238,A,214,238,A,identical
239,G,215,239,G,identical
240,C,216,240,C,identical
241,T,217,241,T,identical
242,G,218,242,G,identical
243,P,219,243,P,identical
244,R,220,244,R,identical
245,E,221,245,E,identical
246,S,222,246,S,identical
247,D,223,247,D,identical
248,C,224,248,C,identical
249,L,225,249,L,identical
250,V,226,250,V,identical
251,C,227,251,C,identical
252,R,228,252,Q,conservative
253,K,229,253,K,identical
254,F,230,254,F,identical
255,R,231,255,Q,conservative
256,D,232,256,D,identical
257,E,233,257,E,identical
258,A,234,258,A,identical
259,T,235,259,T,identical
260,C,236,260,C,identical
261,K,237,261,K,identical
262,D,238,262,D,identical
263,T,239,263,T,identical
264,C,240,264,C,identical
265,P,241,265,P,identical
266,P,242,266,P,identical
267,L,243,267,L,identical
268,M,244,268,M,identical
269,L,245,269,L,identical
270,Y,246,270,Y,identical
271,N,247,271,N,identical
272,P,248,272,P,identical
273,T,249,273,T,identical
274,T,250,274,T,identical
275,Y,251,275,Y,identical
276,Q,252,276,Q,identical
277,M,253,277,M,identical
278,D,254,278,D,identical
279,V,255,279,V,identical
280,N,256,280,N,identical
281,P,257,281,P,identical
282,E,258,282,E,identical
283,G,259,283,G,identical
284,K,260,284,K,identical
285,Y,261,285,Y,identical
286,S,262,286,S,identical
287,F,263,287,F,identical
288,G,264,288,G,identical
289,A,265,289,A,identical
290,T,266,290,T,identical
291,C,267,291,C,identical
292,V,268,292,V,identical
293,K,269,293,K,identical
294,K,270,294,K,identical
295,C,271,295,C,identical
296,P,272,296,P,identical
297,R,273,297,R,identical
298,N,274,298,N,identical
299,Y,275,299,Y,identical
300,V,276,300,V,identical
301,V,277,301,V,identical
302,T,278,302,T,identical
303,D,279,303,D,identical
304,H,280,304,H,identical
305,G,281,305,G,identical
306,S,282,306,S,identical
307,C,283,307,C,identical
308,V,284,308,V,identical
309,R,285,309,R,identical
310,A,286,310,A,identical
311,C,287,311,C,identical
312,G,288,312,G,identical
313,A,289,313,P,nonconservative
314,D,290,314,D,identical
315,S,291,315,Y,nonconservative
316,Y,292,316,Y,identical
317,E,293,317,E,identical
318,M,294,318,V,conservative
319,E,295,319,E,identical
320,E,296,320,E,identical
321,D,297,321,D,identical
322,G,298,322,G,identical
323,V,299,323,I,conservative
324,R,300,324,R,identical
325,K,301,325,K,identical
326,C,302,326,C,identical
327,K,303,327,K,identical
328,K,304,328,K,identical
329,C,305,329,C,identical
330,E,306,330,D,conservative
331,G,307,331,G,identical
332,P,308,332,P,identical
333,C,309,333,C,identical
334,R,310,334,R,identical
335,K,311,335,K,identical
336,V,312,336,V,identical
337,C,313,337,C,identical
338,N,314,338,N,identical
339,G,315,339,G,identical
340,I,316,340,I,identical
341,G,317,341,G,identical
342,I,318,342,I,identical
343,G,319,343,G,identical
344,E,320,344,E,identical
345,F,321,345,F,identical
346,K,322,346,K,identical
347,D,323,347,D,identical
348,S,324,348,T,conservative
349,L,325,349,L,identical
350,S,326,350,S,identical
351,I,327,351,I,identical
352,N,328,352,N,identical
353,A,329,353,A,identical
354,T,330,354,T,identical
355,N,331,355,N,identical
356,I,332,356,I,identical
357,K,333,357,K,identical
358,H,334,358,H,identical
359,F,335,359,F,identical
360,K,336,360,K,identical
361,N,337,361,Y,nonconservative
362,C,338,362,C,identical
363,T,339,363,T,identical
364,S,340,364,A,conservative
365,I,341,365,I,identical
366,S,342,366,S,identical
367,G,343,367,G,identical
368,D,344,368,D,identical
369,L,345,369,L,identical
370,H,346,370,H,identical
371,I,347,371,I,identical
372,L,348,372,L,identical
373,P,349,373,P,identical
374,V,350,374,V,identical
375,A,351,375,A,identical
376,F,352,376,F,identical
377,R,353,377,K,conservative
378,G,354,378,G,identical
379,D,355,379,D,identical
380,S,356,380,S,identical
381,F,357,381,F,identical
382,T,358,382,T,identical
383,H,359,383,R,nonconservative
384,T,360,384,T,identical
385,P,361,385,P,identical
386,P,362,386,P,identical
387,L,363,387,L,identical
388,D,364,388,D,identical
389,P,365,389,P,identical
390,Q,366,390,R,conservative
391,E,367,391,E,identical
392,L,368,392,L,identical
393,D,369,393,E,conservative
394,I,370,394,I,identical
395,L,371,395,L,identical
396,K,372,396,K,identical
397,T,373,397,T,identical
398,V,374,398,V,identical
399,K,375,399,K,identical
400,E,376,400,E,identical
401,I,377,401,I,identical
402,T,378,402,T,identical
403,G,379,403,G,identical
404,F,380,404,F,identical
405,L,381,405,L,identical
406,L,382,406,L,identical
407,I,383,407,I,identical
408,Q,384,408,Q,identical
409,A,385,409,A,identical
410,W,386,410,W,identical
411,P,387,411,P,identical
412,E,388,412,D,conservative
413,N,389,413,N,identical
414,R,390,414,W,nonconservative
415,T,391,415,T,identical
416,D,392,416,D,identical
417,L,393,417,L,identical
418,H,394,418,H,identical
419,A,395,419,A,identical
420,F,396,420,F,identical
421,E,397,421,E,identical
422,N,398,422,N,identical
423,L,399,423,L,identical
424,E,400,424,E,identical
425,I,401,425,I,identical
426,I,402,426,I,identical
427,R,403,427,R,identical
428,G,404,428,G,identical
429,R,405,429,R,identical
430,T,406,430,T,identical
431,K,407,431,K,identical
432,Q,408,432,Q,identical
433,H,409,433,H,identical
434,G,410,434,G,identical
435,Q,411,435,Q,identical
436,F,412,436,F,identical
437,S,413,437,S,identical
438,L,414,438,L,identical
439,A,415,439,A,identical
440,V,416,440,V,identical
441,V,417,441,V,identical
442,S,418,442,G,nonconservative
443,L,419,443,L,identical
444,N,420,444,N,identical
445,I,421,445,I,identical
446,T,422,446,T,identical
447,S,423,447,S,identical
448,L,424,448,L,identical
449,G,425,449,G,identical
450,L,426,450,L,identical
451,R,427,451,R,identical
452,S,428,452,S,identical
453,L,429,453,L,identical
454,K,430,454,K,identical
455,E,431,455,E,identical
456,I,432,456,I,identical
457,S,433,457,S,identical
458,D,434,458,D,identical
459,G,435,459,G,identical
460,D,436,460,D,identical
461,V,437,461,V,identical
462,I,438,462,I,identical
463,I,439,463,I,identical
464,S,440,464,S,identical
465,G,441,465,G,identical
466,N,442,466,N,identical
467,K,443,467,R,conservative
468,N,444,468,N,identical
469,L,445,469,L,identical
470,C,446,470,C,identical
471,Y,447,471,Y,identical
472,A,448,472,A,identical
473,N,449,473,N,identical
474,T,450,474,T,identical
475,I,451,475,I,identical
476,N,452,476,N,identical
477,W,453,477,W,identical
478,K,454,478,K,identical
479,K,455,479,K,identical
480,L,456,480,L,identical
481,F,457,481,F,identical
482,G,458,482,G,identical
483,T,459,483,T,identical
484,S,460,484,P,nonconservative
485,G,461,485,N,nonconservative
486,Q,462,486,Q,identical
487,K,463,487,K,identical
488,T,464,488,T,identical
489,K,465,489,K,identical
490,I,466,490,I,identical
491,I,467,491,M,conservative
492,S,468,492,N,conservative
493,N,469,493,N,identical
494,R,470,494,R,identical
495,G,471,495,A,nonconservative
496,E,472,496,E,identical
497,N,473,497,K,nonconservative
498,S,474,498,D,nonconservative
499,C,475,499,C,identical
500,K,476,500,K,identical
501,A,477,501,A,identical
502,T,478,502,V,nonconservative
503,G,479,503,N,nonconservative
504,Q,480,504,H,nonconservative
505,V,481,505,V,identical
506,C,482,506,C,identical
507,H,483,507,N,conservative
508,A,484,508,P,nonconservative
509,L,485,509,L,identical
510,C,486,510,C,identical
511,S,487,511,S,identical
512,P,488,512,S,nonconservative
513,E,489,513,E,identical
514,G,490,514,G,identical
515,C,491,515,C,identical
516,W,492,516,W,identical
517,G,493,517,G,identical
518,P,494,518,P,identical
519,E,495,519,E,identical
520,P,496,520,P,identical
521,R,497,521,R,identical
522,D,498,522,D,identical
523,C,499,523,C,identical
524,V,500,524,V,identical
525,S,501,525,S,identical
526,C,502,526,C,identical
527,R,503,527,Q,conservative
528,N,504,528,N,identical
529,V,505,529,V,identical
530,S,506,530,S,identical
531,R,507,531,R,identical
532,G,508,532,G,identical
533,R,509,533,R,identical
534,E,510,534,E,identical
535,C,511,535,C,identical
536,V,512,536,V,identical
537,D,513,537,E,conservative
538,K,514,538,K,identical
539,C,515,539,C,identical
540,N,516,540,N,identical
541,L,517,541,I,conservative
542,L,518,542,L,identical
543,E,519,543,E,identical
544,G,520,544,G,identical
545,E,521,545,E,identical
546,P,522,546,P,identical
547,R,523,547,R,identical
548,E,524,548,E,identical
549,F,525,549,F,identical
550,V,526,550,V,identical
551,E,527,551,E,identical
552,N,528,552,N,identical
553,S,529,553,S,identical
554,E,530,554,E,identical
555,C,531,555,C,identical
556,I,532,556,I,identical
557,Q,533,557,Q,identical
558,C,534,558,C,identical
559,H,535,559,H,identical
560,P,536,560,P,identical
561,E,537,561,E,identical
562,C,538,562,C,identical
563,L,539,563,L,identical
564,P,540,564,P,identical
565,Q,541,565,Q,identical
566,A,542,566,A,identical
567,M,543,567,M,identical
568,N,544,568,N,identical
569,I,545,569,I,identical
570,T,546,570,T,identical
571,C,547,571,C,identical
572,T,548,572,T,identical
573,G,549,573,G,identical
574,R,550,574,R,identical
575,G,551,575,G,identical
576,P,552,576,P,identical
577,D,553,577,D,identical
578,N,554,578,N,identical
579,C,555,579,C,identical
580,I,556,580,I,identical
581,Q,557,581,Q,identical
582,C,558,582,C,identical
583,A,559,583,A,identical
584,H,560,584,H,identical
585,Y,561,585,Y,identical
586,I,562,586,I,identical
587,D,563,587,D,identical
588,G,564,588,G,identical
589,P,565,589,P,identical
590,H,566,590,H,identical
591,C,567,591,C,identical
592,V,568,592,V,identical
593,K,569,593,K,identical
594,T,570,594,T,identical
595,C,571,595,C,identical
596,P,572,596,P,identical
597,A,573,597,A,identical
598,G,574,598,G,identical
599,V,575,599,I,conservative
600,M,576,600,M,identical
601,G,577,601,G,identical
602,E,578,602,E,identical
603,N,579,603,N,identical
604,N,580,604,N,identical
605,T,581,605,T,identical
606,L,582,606,L,identical
607,V,583,607,V,identical
608,W,584,608,W,identical
609,K,585,609,K,identical
610,Y,586,610,Y,identical
611,A,587,611,A,identical
612,D,588,612,D,identical
613,A,589,613,A,identical
614,G,590,614,N,nonconservative
615,H,591,615,N,conservative
616,V,592,616,V,identical
617,C,593,617,C,identical
618,H,594,618,H,identical
619,L,595,619,L,identical
620,C,596,620,C,identical
621,H,597,621,H,identical
622,P,598,622,A,nonconservative
623,N,599,623,N,identical
624,C,600,624,C,identical
625,T,601,625,T,identical
626,Y,602,626,Y,identical
627,G,603,627,G,identical
628,C,604,628,C,identical
629,T,605,629,A,nonconservative
630,G,606,630,G,identical
631,P,607,631,P,identical
632,G,608,632,G,identical
633,L,609,633,L,identical
634,E,610,634,Q,conservative
635,G,611,635,G,identical
636,C,612,636,C,identical
637,P,613,637,E,nonconservative
638,T,614,638,V,nonconservative
639,N,615,641,S,conservative
640,G,616,642,G,identical
641,P,617,643,P,identical
642,K,618,644,K,identical
643,I,619,645,I,identical
644,P,620,646,P,identical
645,S,621,647,S,identical
